time,X,Y,Z
2021-09-15 00:00:00,16645769.676211258,-11950108.599776994,-16974746.799882255
2021-09-15 00:00:30,16709601.250929728,-11944503.227118917,-16914819.781186704
2021-09-15 00:01:00,16773218.908192812,-11939006.363653824,-16854570.640816033
2021-09-15 00:01:30,16836621.243718695,-11933617.13129737,-16794000.501381285
2021-09-15 00:02:00,16899806.859930117,-11928334.644291647,-16733110.491747323
2021-09-15 00:02:30,16962774.366008736,-11923158.009247126,-16671901.747013612
2021-09-15 00:03:00,17025522.377949286,-11918086.325185008,-16610375.408494862
2021-09-15 00:03:30,17088049.518613502,-11913118.683579903,-16548532.623701582
2021-09-15 00:04:00,17150354.417783733,-11908254.168402852,-16486374.546320498
2021-09-15 00:04:30,17212435.712216288,-11903491.8561647,-16423902.336194789
2021-09-15 00:05:00,17274292.045694485,-11898830.815959813,-16361117.15930431
2021-09-15 00:05:30,17335922.06908156,-11894270.109510126,-16298020.187745543
2021-09-15 00:06:00,17397324.4403731,-11889808.79120956,-16234612.599711584
2021-09-15 00:06:30,17458497.82474937,-11885445.90816872,-16170895.57947183
2021-09-15 00:07:00,17519440.894627277,-11881180.50025999,-16106870.317351697
2021-09-15 00:07:30,17580152.329711992,-11877011.600162962,-16042538.009712132
2021-09-15 00:08:00,17640630.817048483,-11872938.233410131,-15977899.858928993
2021-09-15 00:08:30,17700875.05107256,-11868959.41843299,-15912957.073372342
2021-09-15 00:09:00,17760883.733661693,-11865074.166608421,-15847710.867385587
2021-09-15 00:09:30,17820655.574185617,-11861281.482305441,-15782162.461264517
2021-09-15 00:10:00,17880189.289556544,-11857580.362932207,-15716313.081236184
2021-09-15 00:10:30,17939483.60427909,-11853969.798983471,-15650163.959437724
2021-09-15 00:11:00,17998537.250499964,-11850448.774088195,-15583716.333894962
2021-09-15 00:11:30,18057348.968057353,-11847016.26505761,-15516971.448500939
2021-09-15 00:12:00,18115917.50452984,-11843671.241933566,-15449930.552994387
2021-09-15 00:12:30,18174241.615285326,-11840412.668037139,-15382594.902937919
2021-09-15 00:13:00,18232320.063529283,-11837239.500017684,-15314965.75969631
2021-09-15 00:13:30,18290151.620353088,-11834150.687901957,-15247044.390414342
2021-09-15 00:14:00,18347735.064781617,-11831145.17514391,-15178832.067994973
2021-09-15 00:14:30,18405069.183820948,-11828221.898674384,-15110330.071076863
2021-09-15 00:15:00,18462152.77250536,-11825379.788951484,-15041539.6840123
2021-09-15 00:15:30,18518984.633944396,-11822617.770010952,-14972462.196844527
2021-09-15 00:16:00,18575563.57936925,-11819934.759517074,-14903098.905285316
2021-09-15 00:16:30,18631888.42817907,-11817329.66881373,-14833451.110692222
2021-09-15 00:17:00,18687958.00798684,-11814801.402975826,-14763520.120045759
2021-09-15 00:17:30,18743771.15466498,-11812348.860860994,-14693307.245926477
2021-09-15 00:18:00,18799326.712390546,-11809970.93516159,-14622813.806491932
2021-09-15 00:18:30,18854623.53369022,-11807666.51245697,-14552041.125453431
2021-09-15 00:19:00,18909660.479484785,-11805434.473266106,-14480990.53205286
2021-09-15 00:19:30,18964436.419133503,-11803273.692100393,-14409663.361039134
2021-09-15 00:20:00,19018950.23047792,-11801183.03751687,-14338060.952644765
2021-09-15 00:20:30,19073200.79988549,-11799161.372171594,-14266184.65256217
2021-09-15 00:21:00,19127187.022292808,-11797207.552873384,-14194035.811919866
2021-09-15 00:21:30,19180907.801248513,-11795320.430637816,-14121615.787258634
2021-09-15 00:22:00,19234362.0489558,-11793498.850741496,-14048925.940507498
2021-09-15 00:22:30,19287548.686314635,-11791741.652776582,-13975967.63895954
2021-09-15 00:23:00,19340466.642963607,-11790047.670705648,-13902742.255247772
2021-09-15 00:23:30,19393114.857321467,-11788415.732916702,-13829251.167320624
2021-09-15 00:24:00,19445492.276628207,-11786844.662278622,-13755495.758417614
2021-09-15 00:24:30,19497597.856985908,-11785333.27619671,-13681477.417044643
2021-09-15 00:25:00,19549430.56339915,-11783880.386668615,-13607197.536949342
2021-09-15 00:25:30,19600989.369815134,-11782484.800340451,-13532657.51709621
2021-09-15 00:26:00,19652273.259163357,-11781145.318563225,-13457858.761641704
2021-09-15 00:26:30,19703281.223394986,-11779860.737449482,-13382802.67990916
2021-09-15 00:27:00,19754012.26352188,-11778629.847930202,-13307490.686363602
2021-09-15 00:27:30,19804465.389655165,-11777451.435812026,-13231924.20058654
2021-09-15 00:28:00,19854639.621043634,-11776324.281834532,-13156104.647250358
2021-09-15 00:28:30,19904533.986111395,-11775247.161728106,-13080033.456093134
2021-09-15 00:29:00,19954147.522495694,-11774218.84627162,-13003712.061892632
2021-09-15 00:29:30,20003479.27708379,-11773238.101350782,-12927141.90444091
2021-09-15 00:30:00,20052528.306049973,-11772303.68801633,-12850324.428518144
2021-09-15 00:30:30,20101293.67489179,-11771414.362542825,-12773261.083866933
2021-09-15 00:31:00,20149774.45846618,-11770568.876487363,-12695953.325165976
2021-09-15 00:31:30,20197969.741025,-11769765.976748826,-12618402.612004157
2021-09-15 00:32:00,20245878.61625052,-11769004.405626994,-12540610.408853887
2021-09-15 00:32:30,20293500.18728995,-11768282.900882328,-12462578.185045084
2021-09-15 00:33:00,20340833.56679033,-11767600.195795504,-12384307.414738262
2021-09-15 00:33:30,20387877.876932345,-11766955.019227605,-12305799.576898206
2021-09-15 00:34:00,20434632.249464214,-11766346.095680207,-12227056.155267023
2021-09-15 00:34:30,20481095.82573492,-11765772.145355875,-12148078.638337398
2021-09-15 00:35:00,20527267.756727263,-11765231.884218777,-12068868.51932557
2021-09-15 00:35:30,20573147.203090295,-11764724.024055548,-11989427.296144277
2021-09-15 00:36:00,20618733.335171618,-11764247.27253635,-11909756.47137554
2021-09-15 00:36:30,20664025.333049007,-11763800.333276182,-11829857.552243454
2021-09-15 00:37:00,20709022.386561867,-11763381.905896304,-11749732.050586702
2021-09-15 00:37:30,20753723.69534217,-11762990.68608597,-11669381.482831111
2021-09-15 00:38:00,20798128.46884502,-11762625.365664242,-11588807.369961955
2021-09-15 00:38:30,20842235.92637886,-11762284.632642142,-11508011.237496344
2021-09-15 00:39:00,20886045.297135174,-11761967.171284862,-11426994.615455301
2021-09-15 00:39:30,20929555.820217874,-11761671.66217427,-11345759.038335927
2021-09-15 00:40:00,20972766.744672265,-11761396.782271521,-11264306.045083271
2021-09-15 00:40:30,21015677.32951361,-11761141.204979904,-11182637.179062208
2021-09-15 00:41:00,21058286.843755174,-11760903.6002079,-11100753.988029288
2021-09-15 00:41:30,21100594.566436112,-11760682.634432323,-11018658.024104234
2021-09-15 00:42:00,21142599.78664862,-11760476.970761737,-10936350.843741598
2021-09-15 00:42:30,21184301.803564932,-11760285.268999983,-10853834.007702168
2021-09-15 00:43:00,21225699.9264638,-11760106.185709957,-10771109.081024326
2021-09-15 00:43:30,21266793.47475658,-11759938.374277439,-10688177.632995255
2021-09-15 00:44:00,21307581.778012786,-11759780.484975219,-10605041.23712213
2021-09-15 00:44:30,21348064.17598554,-11759631.16502725,-10521701.471103039
2021-09-15 00:45:00,21388240.01863614,-11759489.058673143,-10438159.916798102
2021-09-15 00:45:30,21428108.666158713,-11759352.807232585,-10354418.160200082
2021-09-15 00:46:00,21467669.489003923,-11759221.049170213,-10270477.791405391
2021-09-15 00:46:30,21506921.86790281,-11759092.420160268,-10186340.404584398
2021-09-15 00:47:00,21545865.193889674,-11758965.553151812,-10102007.597952304
2021-09-15 00:47:30,21584498.86832499,-11758839.078433707,-10017480.973739266
2021-09-15 00:48:00,21622822.302917473,-11758711.623700064,-9932762.138161032
2021-09-15 00:48:30,21660834.919746187,-11758581.814115552,-9847852.701388884
2021-09-15 00:49:00,21698536.151281666,-11758448.272381144,-9762754.277520115
2021-09-15 00:49:30,21735925.44040723,-11758309.618799638,-9677468.484547693
2021-09-15 00:50:00,21773002.240439262,-11758164.471341718,-9591996.944330597
2021-09-15 00:50:30,21809766.015147556,-11758011.445711773,-9506341.282563383
2021-09-15 00:51:00,21846216.238774844,-11757849.155414138,-9420503.12874613
2021-09-15 00:51:30,21882352.3960562,-11757676.211819228,-9334484.116153972
2021-09-15 00:52:00,21918173.982237794,-11757491.224229984,-9248285.881806789
2021-09-15 00:52:30,21953680.503095288,-11757292.799948296,-9161910.066438584
2021-09-15 00:53:00,21988871.474951807,-11757079.544341654,-9075358.314466957
2021-09-15 00:53:30,22023746.424695436,-11756850.060909815,-8988632.27396236
2021-09-15 00:54:00,22058304.889796354,-11756602.951351646,-8901733.596617252
2021-09-15 00:54:30,22092546.418323413,-11756336.815632053,-8814663.9377153
2021-09-15 00:55:00,22126470.568960357,-11756050.252049029,-8727424.956100328
2021-09-15 00:55:30,22160076.911021568,-11755741.857300766,-8640018.314145276
2021-09-15 00:56:00,22193365.02446742,-11755410.226552922,-8552445.677721038
2021-09-15 00:56:30,22226334.499919064,-11755053.953505954,-8464708.716165235
2021-09-15 00:57:00,22258984.938672986,-11754671.630462509,-8376809.102250783
2021-09-15 00:57:30,22291315.952714846,-11754261.848394986,-8288748.512154579
2021-09-15 00:58:00,22323327.1647331,-11753823.197013136,-8200528.625425933
2021-09-15 00:58:30,22355018.208132073,-11753354.26483171,-8112151.124954947
2021-09-15 00:59:00,22386388.727044605,-11752853.639238292,-8023617.696940847
2021-09-15 00:59:30,22417438.37634419,-11752319.906561136,-7934930.030860262
2021-09-15 02:00:00,26121326.30217599,2394415.7379817828,3401196.404101087
2021-09-15 02:00:30,26107523.306264967,2403579.8253888073,3495333.8694655057
2021-09-15 02:01:00,26093379.221407596,2412769.945785331,3589403.5591838686
2021-09-15 02:01:30,26078894.341284156,2421987.453768973,3683403.6450574817
2021-09-15 02:02:00,26064068.970630895,2431233.702218999,3777332.3000407265
2021-09-15 02:02:30,26048903.425229613,2440510.0422281832,3871187.6982779773
2021-09-15 02:03:00,26033398.03189652,2449817.823035014,3964968.015140906
2021-09-15 02:03:30,26017553.1284708,2459158.3919556965,4058671.427265383
2021-09-15 02:04:00,26001369.06380257,2468533.094316431,4152296.1125886613
2021-09-15 02:04:30,25984846.197740424,2477943.2733857427,4245840.250386498
2021-09-15 02:05:00,25967984.90111856,2487390.2703067074,4339302.021310015
2021-09-15 02:05:30,25950785.55574332,2496875.42402952,4432679.607422904
2021-09-15 02:06:00,25933248.554379337,2506400.0712439613,4525971.192238352
2021-09-15 02:06:30,25915374.30073519,2515965.546312083,4619174.960756133
2021-09-15 02:07:00,25897163.209448583,2525573.1812008796,4712289.099499536
2021-09-15 02:07:30,25878615.706071083,2535224.305415132,4805311.796552371
2021-09-15 02:08:00,25859732.227052324,2544920.245930299,4898241.241595905
2021-09-15 02:08:30,25840513.219723817,2554662.3271255917,4991075.625945869
2021-09-15 02:09:00,25820959.14228225,2564451.8707170095,5083813.142589254
2021-09-15 02:09:30,25801070.463772323,2574290.1956907036,5176451.986221399
2021-09-15 02:10:00,25780847.66406912,2584178.6182361757,5268990.353282654
2021-09-15 02:10:30,25760291.23386001,2594118.4516798714,5361426.441995424
2021-09-15 02:11:00,25739401.67462611,2604111.006418675,5453758.45240089
2021-09-15 02:11:30,25718179.498623233,2614157.5898536947,5545984.586395915
2021-09-15 02:12:00,25696625.228862423,2624259.506324,5638103.047769729
2021-09-15 02:12:30,25674739.399089985,2634418.0570406336,5730112.042240756
2021-09-15 02:13:00,25652522.553767055,2644634.5400207043,5822009.777493351
2021-09-15 02:13:30,25629975.24804879,2654910.250021578,5913794.463214483
2021-09-15 02:14:00,25607098.04776293,2665246.4784752605,6005464.311130429
2021-09-15 02:14:30,25583891.529388063,2675644.513422886,6097017.535043435
2021-09-15 04:00:00,9075711.980993913,14271967.60806399,20272966.374679413
2021-09-15 04:00:30,8997144.761641758,14275400.649521217,20305752.93943677
2021-09-15 04:01:00,8918460.569236603,14278967.766140588,20338143.71038168
2021-09-15 04:01:30,8839661.151650352,14282669.41880948,20370138.06389598
2021-09-15 04:02:00,8760748.260442657,14286506.058879318,20401735.384246897
2021-09-15 04:02:30,8681723.6507916,14290478.128143076,20432935.063599013
2021-09-15 04:03:00,8602589.081424247,14294586.058813179,20463736.502026062
2021-09-15 04:03:30,8523346.314547103,14298830.273499928,20494139.10752262
2021-09-15 04:04:00,8443997.11577634,14303211.185190285,20524142.296015494
2021-09-15 04:04:30,8364543.254067945,14307729.197227163,20553745.491375055
2021-09-15 04:05:00,8284986.501647703,14312384.703289185,20582948.125426363
2021-09-15 04:05:30,8205328.633941068,14317178.087370839,20611749.63796007
2021-09-15 04:06:00,8125571.429502841,14322109.72376312,20640149.476743184
2021-09-15 04:06:30,8045716.669946815,14327179.977034647,20668147.097529683
2021-09-15 04:07:00,7965766.139875228,14332389.20201317,20695741.964070905
2021-09-15 04:07:30,7885721.626808102,14337737.743767612,20722933.54812576
2021-09-15 04:08:00,7805584.92111247,14343225.937590508,20749721.329470847
2021-09-15 04:08:30,7725357.8159315,14348854.108980935,20776104.795910265
2021-09-15 04:09:00,7645042.107113513,14354622.573627874,20802083.443285353
2021-09-15 04:09:30,7564639.593140809,14360531.637394069,20827656.775484227
2021-09-15 04:10:00,7484152.075058553,14366581.596300295,20852824.304451093
2021-09-15 04:10:30,7403581.356403367,14372772.736510133,20877585.550195448
2021-09-15 04:11:00,7322929.243131963,14379105.33431518,20901940.04080106
2021-09-15 04:11:30,7242197.5435496215,14385579.656120732,20925887.312434807
2021-09-15 04:12:00,7161388.068238578,14392195.958431907,20949426.90935527
2021-09-15 04:12:30,7080502.629986346,14398954.48784028,20972558.383921247
2021-09-15 04:13:00,6999543.043713915,14405855.481010916,20995281.2966
2021-09-15 04:13:30,6918511.126403911,14412899.164669937,21017595.215975378
2021-09-15 04:14:00,6837408.697028633,14420085.75559247,21039499.71875574
2021-09-15 04:14:30,6756237.57647805,14427415.46059116,21060994.3897817
2021-09-15 04:15:00,6674999.58748767,14434888.476505045,21082078.822033696
2021-09-15 04:15:30,6593696.554566451,14442504.990189001,21102752.61663939
2021-09-15 04:16:00,6512330.303924494,14450265.178503554,21123015.382880878
2021-09-15 04:16:30,6430902.663400794,14458169.2083052,21142866.738201704
2021-09-15 04:17:00,6349415.462390871,14466217.236437265,21162306.30821375
2021-09-15 04:17:30,6267870.531774363,14474409.409721075,21181333.726703897
2021-09-15 04:18:00,6186269.703842565,14482745.864947734,21199948.63564051
2021-09-15 04:18:30,6104614.812225933,14491226.72887032,21218150.68517977
2021-09-15 04:19:00,6022907.69182147,14499852.118196517,21235939.533671804
2021-09-15 04:19:30,5941150.178720189,14508622.13958179,21253314.847666666
2021-09-15 04:20:00,5859344.110134405,14517536.889622927,21270276.301920075
2021-09-15 04:20:30,5777491.3243251145,14526596.454852166,21286823.579399064
2021-09-15 04:21:00,5695593.660529228,14535800.9117317,21302956.371287372
2021-09-15 04:21:30,5613652.958886857,14545150.326648694,21318674.3769907
2021-09-15 04:22:00,5531671.060368528,14554644.755910756,21333977.304141745
2021-09-15 04:22:30,5449649.806702376,14564284.245741904,21348864.868605137
2021-09-15 04:23:00,5367591.04030135,14574068.832278958,21363336.79448209
2021-09-15 04:23:30,5285496.604190355,14583998.541568436,21377392.81411495
2021-09-15 04:24:00,5203368.341933427,14594073.389563922,21391032.66809155
2021-09-15 04:24:30,5121208.097560841,14604293.382123876,21404256.105249345
2021-09-15 04:25:00,5039017.715496274,14614658.515009956,21417062.88267943
2021-09-15 04:25:30,4956799.040483924,14625168.773885733,21429452.765730288
2021-09-15 04:26:00,4874553.91751563,14635824.134316003,21441425.52801152
2021-09-15 04:26:30,4792284.191758008,14646624.561766414,21452980.951397173
2021-09-15 04:27:00,4709991.708479579,14657570.011603717,21464118.826029107
2021-09-15 04:27:30,4627678.312977941,14668660.429096352,21474838.950319994
2021-09-15 04:28:00,4545345.850506892,14679895.749415593,21485141.1309563
2021-09-15 04:28:30,4462996.16620362,14691275.897637153,21495025.182900973
2021-09-15 04:29:00,4380631.105015898,14702800.788743185,21504490.929395992
2021-09-15 04:29:30,4298252.511629278,14714470.327624863,21513538.201964747
2021-09-15 04:30:00,4215862.230394358,14726284.409085326,21522166.840414245
2021-09-15 04:30:30,4133462.10525403,14738242.917843185,21530376.692837067
2021-09-15 04:31:00,4051053.9796708017,14750345.728536425,21538167.61561327
2021-09-15 04:31:30,3968639.696554085,14762592.705726806,21545539.473411974
2021-09-15 04:32:00,3886221.098187617,14774983.70390473,21552492.139192875
2021-09-15 04:32:30,3803800.0261568734,14787518.5674946,21559025.494207527
2021-09-15 04:33:00,3721378.3212765,14800197.13086057,21565139.42800045
2021-09-15 04:33:30,3638957.8235178264,14813019.218312878,21570833.83841008
2021-09-15 04:34:00,3556540.3719364544,14825984.644114524,21576108.631569497
2021-09-15 04:34:30,3474127.804599857,14839093.212488508,21580963.721907042
2021-09-15 04:35:00,3391721.958515013,14852344.71762547,21585399.032146692
2021-09-15 04:35:30,3309324.6695562415,14865738.943691844,21589414.49330826
2021-09-15 04:36:00,3226937.7723928653,14879275.664838444,21593010.044707503
2021-09-15 04:36:30,3144563.1004172154,14892954.645209525,21596185.633955907
2021-09-15 04:37:00,3062202.4856724404,14906775.638952313,21598941.216960426
2021-09-15 04:37:30,2979857.758780624,14920738.390226994,21601276.757922966
2021-09-15 04:38:00,2897530.748870815,14934842.633217147,21603192.229339726
2021-09-15 04:38:30,2815223.2835072223,14949088.092140682,21604687.61200032
2021-09-15 04:39:00,2732937.188617451,14963474.481261203,21605762.89498681
2021-09-15 04:39:30,2650674.2884208383,14978001.50489984,21606418.075672418
2021-09-15 04:40:00,2568436.4053569287,14992668.85744755,21606653.159720227
2021-09-15 04:40:30,2486225.3600139422,15007476.223377865,21606468.16108156
2021-09-15 04:41:00,2404042.9710574257,15022423.277260112,21605863.10199428
2021-09-15 04:41:30,2321891.055158983,15037509.683773093,21604838.012980856
2021-09-15 04:42:00,2239771.4269250613,15052735.0977192,21603392.932846297
2021-09-15 04:42:30,2157685.898825917,15068099.164038992,21601527.908675835
2021-09-15 04:43:00,2075636.2811246463,15083601.517826283,21599242.99583254
2021-09-15 04:43:30,1993624.3818063324,15099241.784343584,21596538.257954665
2021-09-15 04:44:00,1911652.0065073154,15115019.579038084,21593413.766952846
2021-09-15 04:44:30,1829720.9584445565,15130934.507558059,21589869.60300716
2021-09-15 06:00:00,-17246804.58321482,11592034.549273733,16466192.626420002
2021-09-15 06:00:30,-17310197.267388728,11586523.463227049,16404533.803052826
2021-09-15 06:01:00,-17373363.536923494,11581121.683152525,16342559.237240326
2021-09-15 06:01:30,-17436302.027661122,11575828.310550053,16280270.145668276
2021-09-15 06:02:00,-17499011.3828966,11570642.439404178,16217667.750921154
2021-09-15 06:02:30,-17561490.25342913,11565563.156230003,16154753.28145644
2021-09-15 06:03:00,-17623737.29761306,11560589.54011949,16091527.971578866
2021-09-15 06:03:30,-17685751.18140843,11555720.662788041,16027993.061414544
2021-09-15 06:04:00,-17747530.578431163,11550955.588621449,15964149.796885062
2021-09-15 06:04:30,-17809074.170002997,11546293.374723075,15899999.42968132
2021-09-15 06:05:00,-17870380.645201065,11541733.070961481,15835543.217237443
2021-09-15 06:05:30,-17931448.70090707,11537273.72001825,15770782.422704495
2021-09-15 06:06:00,-17992277.041856173,11532914.357436223,15705718.314924136
2021-09-15 06:06:30,-18052864.38068559,11528654.011667956,15640352.168402119
2021-09-15 06:07:00,-18113209.43798272,11524491.704124562,15574685.26328179
2021-09-15 06:07:30,-18173310.942333046,11520426.449224811,15508718.885317385
2021-09-15 06:08:00,-18233167.630367596,11516457.254444586,15442454.325847343
2021-09-15 06:08:30,-18292778.24681017,11512583.120366536,15375892.881767375
2021-09-15 06:09:00,-18352141.544524044,11508803.040730197,15309035.855503635
2021-09-15 06:09:30,-18411256.28455848,11505116.002482263,15241884.554985622
2021-09-15 06:10:00,-18470121.23619488,11501520.985827176,15174440.293619027
2021-09-15 06:10:30,-18528735.176992383,11498016.964278122,15106704.390258625
2021-09-15 06:11:00,-18587096.892833352,11494602.904708164,15038678.169180885
2021-09-15 06:11:30,-18645205.177968387,11491277.767401747,14970362.960056555
2021-09-15 06:12:00,-18703058.835060943,11488040.506106496,14901760.097923242
2021-09-15 06:12:30,-18760656.675231628,11484890.068085274,14832870.923157798
2021-09-15 06:13:00,-18817997.51810219,11481825.394168492,14763696.78144863
2021-09-15 06:13:30,-18875080.191839002,11478845.418806782,14694239.023768011
2021-09-15 06:14:00,-18931903.533196274,11475949.070123857,14624499.006344171
2021-09-15 06:14:30,-18988466.387558937,11473135.26996967,14554478.090633363
2021-09-15 06:15:00,-19044767.608984984,11470402.933973912,14484177.643291945
2021-09-15 06:15:30,-19100806.06024764,11467750.971599655,14413599.036148129
2021-09-15 06:16:00,-19156580.612877004,11465178.286197392,14342743.646173932
2021-09-15 06:16:30,-19212090.147201397,11462683.775059232,14271612.85545682
2021-09-15 06:17:00,-19267333.5523883,11460266.329473406,14200208.051171362
2021-09-15 06:17:30,-19322309.726484884,11457924.834779082,14128530.625550851
2021-09-15 06:18:00,-19377017.576458238,11455658.1704213,14056581.975858703
2021-09-15 06:18:30,-19431456.01823515,11453465.210006302,13984363.504359908
2021-09-15 06:19:00,-19485623.976741474,11451344.821357053,13911876.618292348
2021-09-15 06:19:30,-19539520.385941207,11449295.866568964,13839122.729838002
2021-09-15 06:20:00,-19593144.188875135,11447317.202065967,13766103.25609412
2021-09-15 06:20:30,-19646494.337699,11445407.678656742,13692819.619044313
2021-09-15 06:21:00,-19699569.79372143,11443566.141591229,13619273.245529551
2021-09-15 06:21:30,-19752369.52744135,11441791.430617366,13545465.567219077
2021-09-15 06:22:00,-19804892.518585104,11440082.380038058,13471398.02058125
2021-09-15 06:22:30,-19857137.756143056,11438437.818768414,13397072.046854345
2021-09-15 06:23:00,-19909104.238405943,11436856.57039313,13322489.092017192
2021-09-15 06:23:30,-19960790.973000675,11435337.453224223,13247650.606759874
2021-09-15 06:24:00,-20012196.97692586,11433879.280358884,13172558.046454212
2021-09-15 06:24:30,-20063321.276586883,11432480.859737573,13097212.871124238
2021-09-15 06:25:00,-20114162.907830525,11431140.994202428,13021616.545416664
2021-09-15 06:25:30,-20164720.915979307,11429858.481555734,12945770.538571125
2021-09-15 06:26:00,-20214994.355865296,11428632.114618743,12869676.324390491
2021-09-15 06:26:30,-20264982.2918636,11427460.681290625,12793335.381211022
2021-09-15 06:27:00,-20314683.797925383,11426342.964607678,12716749.191872524
2021-09-15 06:27:30,-20364097.957610562,11425277.74280271,12639919.243688343
2021-09-15 06:28:00,-20413223.864119973,11424263.789364628,12562847.028415404
2021-09-15 06:28:30,-20462060.620327257,11423299.873098254,12485534.042224055
2021-09-15 06:29:00,-20510607.338810198,11422384.75818434,12407981.785667997
2021-09-15 06:29:30,-20558863.14188181,11421517.204239694,12330191.763653956
2021-09-15 06:30:00,-20606827.161620818,11420695.966377668,12252165.485411506
2021-09-15 06:30:30,-20654498.539901916,11419919.795268642,12173904.464462625
2021-09-15 06:31:00,-20701876.42842545,11419187.437200826,12095410.2185913
2021-09-15 06:31:30,-20748959.988746773,11418497.634141242,12016684.269813115
2021-09-15 06:32:00,-20795748.39230516,11417849.123796798,11937728.144344594
2021-09-15 06:32:30,-20842240.820452318,11417240.639675632,11858543.372572672
2021-09-15 06:33:00,-20888436.464480396,11416670.911148606,11779131.489023997
2021-09-15 06:33:30,-20934334.52564973,11416138.663510945,11699494.032334214
2021-09-15 06:34:00,-20979934.215215985,11415642.618044063,11619632.54521714
2021-09-15 06:34:30,-21025234.754457004,11415181.492077624,11539548.574433977
2021-09-15 06:35:00,-21070235.374699134,11414753.999051638,11459243.670762356
2021-09-15 06:35:30,-21114935.317343283,11414358.84857881,11378719.388965355
2021-09-15 06:36:00,-21159333.833890334,11413994.746507056,11297977.287760524
2021-09-15 06:36:30,-21203430.185966305,11413660.394982118,11217018.929788763
2021-09-15 06:37:00,-21247223.645347,11413354.492510395,11135845.881583229
2021-09-15 06:37:30,-21290713.49398226,11413075.73402185,11054459.713538064
2021-09-15 06:38:00,-21333899.024019755,11412822.810933152,10972861.999877227
2021-09-15 06:38:30,-21376779.537828412,11412594.411210919,10891054.318623157
2021-09-15 06:39:00,-21419354.348021276,11412389.219435086,10809038.251565417
2021-09-15 06:39:30,-21461622.77747812,11412205.916862436,10726815.384229265
2021-09-15 06:40:00,-21503584.159367483,11412043.181490295,10644387.305844227
2021-09-15 06:40:30,-21545237.837168317,11411899.688120298,10561755.609312562
2021-09-15 06:41:00,-21586583.164691176,11411774.10842237,10478921.891177734
2021-09-15 06:41:30,-21627619.506099083,11411665.110998737,10395887.751592733
2021-09-15 06:42:00,-21668346.235927776,11411571.361448143,10312654.794288458
2021-09-15 06:42:30,-21708762.739105657,11411491.522430168,10229224.62654202
2021-09-15 06:43:00,-21748868.410973273,11411424.253729636,10145598.859144919
2021-09-15 06:43:30,-21788662.657302327,11411368.212321186,10061779.106371285
2021-09-15 06:44:00,-21828144.89431426,11411322.05243393,9977766.98594603
2021-09-15 06:44:30,-21867314.548698448,11411284.425616223,9893564.119012892
2021-09-15 06:45:00,-21906171.05762987,11411253.980800565,9809172.130102558
2021-09-15 06:45:30,-21944713.8687864,11411229.364368577,9724592.647100614
2021-09-15 06:46:00,-21982942.44036564,11411209.220216107,9639827.301215561
2021-09-15 06:46:30,-22020856.24110131,11411192.18981841,9554877.726946695
2021-09-15 06:47:00,-22058454.750279218,11411176.912295459,9469745.56205199
2021-09-15 06:47:30,-22095737.457752716,11411162.024477318,9384432.447515965
2021-09-15 06:48:00,-22132703.8639578,11411146.160969652,9298940.027517483
2021-09-15 06:48:30,-22169353.479927786,11411127.954219226,9213269.949397396
2021-09-15 06:49:00,-22205685.82730736,11411106.034579635,9127423.863626432
2021-09-15 06:49:30,-22241700.438366413,11411079.030377017,9041403.423772763
2021-09-15 06:50:00,-22277396.85601331,11411045.567975834,8955210.286469625
2021-09-15 06:50:30,-22312774.633807722,11411004.271844829,8868846.111382999
2021-09-15 06:51:00,-22347833.335973024,11410953.764622942,8782312.5611791
2021-09-15 06:51:30,-22382572.53740831,11410892.66718537,8695611.301491905
2021-09-15 06:52:00,-22416991.823699776,11410819.598709712,8608744.000890724
2021-09-15 06:52:30,-22451090.791131925,11410733.176742058,8521712.330847515
2021-09-15 06:53:00,-22484869.046698086,11410632.017263345,8434517.96570445
2021-09-15 06:53:30,-22518326.208110653,11410514.734755533,8347162.58264116
2021-09-15 06:54:00,-22551461.903810762,11410379.942268044,8259647.861642163
2021-09-15 06:54:30,-22584275.772977583,11410226.251484167,8171975.48546422
2021-09-15 06:55:00,-22616767.465537164,11410052.272787474,8084147.139603513
2021-09-15 06:55:30,-22648936.642170824,11409856.615328372,7996164.512262967
2021-09-15 06:56:00,-22680782.974323053,11409637.887090623,7908029.294319457
2021-09-15 06:56:30,-22712306.14420904,11409394.69495799,7819743.1792910285
2021-09-15 06:57:00,-22743505.844821695,11409125.644780824,7731307.863303987
2021-09-15 06:57:30,-22774381.779938255,11408829.341442786,7642725.045060136
2021-09-15 06:58:00,-22804933.664126415,11408504.388927516,7553996.425803797
2021-09-15 06:58:30,-22835161.222750064,11408149.390385384,7465123.7092889035
2021-09-15 06:59:00,-22865064.191974487,11407762.948200293,7376108.601746109
2021-09-15 06:59:30,-22894642.318771247,11407343.664056417,7286952.81184972
2021-09-15 08:00:00,-26216781.626188587,-2821413.89295613,-4007748.397572235
2021-09-15 08:00:30,-26202018.91808054,-2829615.8209564397,-4100811.606805348
2021-09-15 08:01:00,-26186922.089711096,-2837843.101941608,-4193797.265808087
2021-09-15 08:01:30,-26171491.496614918,-2846097.083719755,-4286703.620624054
2021-09-15 08:02:00,-26155727.50478239,-2854379.1121487822,-4379528.918979307
2021-09-15 08:02:30,-26139630.49064433,-2862690.5310715255,-4472271.410313838
2021-09-15 08:03:00,-26123200.841056395,-2871032.682251134,-4564929.3458131645
2021-09-15 08:03:30,-26106438.95328301,-2879406.9053064245,-4657500.978439709
2021-09-15 08:04:00,-26089345.234980866,-2887814.537647424,-4749984.562964236
2021-09-15 08:04:30,-26071920.104182053,-2896256.914411013,-4842378.3559972495
2021-09-15 08:05:00,-26054163.989276733,-2904735.3683966296,-4934680.616020251
2021-09-15 08:05:30,-26036077.328995436,-2913251.230002163,-5026889.603417077
2021-09-15 08:06:00,-26017660.572390925,-2921805.8271598704,-5119003.580505051
2021-09-15 08:06:30,-25998914.178819664,-2930400.485272511,-5211020.811566214
2021-09-15 08:07:00,-25979838.61792284,-2939036.527149548,-5302939.562878453
2021-09-15 08:07:30,-25960434.369607016,-2947715.272943445,-5394758.102746518
2021-09-15 08:08:00,-25940701.92402436,-2956438.0400861953,-5486474.701533147
2021-09-15 08:08:30,-25920641.78155249,-2965206.1432258417,-5578087.631689959
2021-09-15 08:09:00,-25900254.45277383,-2974020.8941632444,-5669595.167788432
2021-09-15 08:09:30,-25879540.458454713,-2982883.6017889273,-5760995.586550769
2021-09-15 08:10:00,-25858500.329523884,-2991795.5720200753,-5852287.166880742
2021-09-15 08:10:30,-25837134.60705077,-3000758.107737659,-5943468.189894439
2021-09-15 08:11:00,-25815443.84222324,-3009772.5087237065,-6034536.93895099
2021-09-15 08:11:30,-25793428.596325062,-3018840.0715987696,-6125491.699683303
2021-09-15 08:12:00,-25771089.44071283,-3027962.0897594485,-6216330.760028613
2021-09-15 08:12:30,-25748426.956792597,-3037139.8533161166,-6307052.410259062
2021-09-15 08:13:00,-25725441.735996075,-3046374.649030816,-6397654.943012245
2021-09-15 08:13:30,-25702134.379756432,-3055667.760255276,-6488136.653321653
2021-09-15 08:14:00,-25678505.499483697,-3065020.4668690953,-6578495.83864707
2021-09-15 08:14:30,-25654555.71653975,-3074434.0452180915,-6668730.798904938
2021-09-15 08:15:00,-25630285.662213016,-3083909.768052796,-6758839.8364986265
2021-09-15 08:15:30,-25605695.977692563,-3093448.9044671636,-6848821.256348725
2021-09-15 08:16:00,-25580787.314042065,-3103052.719837372,-6938673.365923163
2021-09-15 08:16:30,-25555560.332173154,-3112722.4757608646,-7028394.475267392
2021-09-15 08:17:00,-25530015.702818494,-3122459.4299955196,-7117982.897034413
2021-09-15 08:17:30,-25504154.10650447,-3132264.836399043,-7207436.946514856
2021-09-15 08:18:00,-25477976.233523436,-3142139.9448684533,-7296754.941666854
2021-09-15 08:18:30,-25451482.783905648,-3152086.0012798156,-7385935.2031459585
2021-09-15 08:19:00,-25424674.467390694,-3162104.2474281993,-7474976.054335073
2021-09-15 08:19:30,-25397552.003398713,-3172195.920967674,-7563875.821374088
2021-09-15 08:20:00,-25370116.121001065,-3182362.2553516617,-7652632.8331897305
2021-09-15 08:20:30,-25342367.55889072,-3192604.4797733333,-7741245.421525125
2021-09-15 08:21:00,-25314307.06535227,-3202923.81910632,-7829711.920969481
2021-09-15 08:21:30,-25285935.398231458,-3213321.4938455285,-7918030.668987564
2021-09-15 08:22:00,-25257253.324904475,-3223798.720048209,-8006200.005949236
2021-09-15 08:22:30,-25228261.62224681,-3234356.7092751814,-8094218.275158825
2021-09-15 08:23:00,-25198961.07660167,-3244996.668532315,-8182083.822884534
2021-09-15 08:23:30,-25169352.48374814,-3255719.8002121276,-8269794.998387664
2021-09-15 08:24:00,-25139436.64886893,-3266527.302035697,-8357350.153951916
2021-09-15 08:24:30,-25109214.386517666,-3277420.3669947037,-8444747.644912526
2021-09-15 08:25:00,-25078686.52058597,-3288400.1832937454,-8531985.829685425
2021-09-15 08:25:30,-25047853.884270057,-3299467.934292745,-8619063.069796164
2021-09-15 08:26:00,-25016717.32003698,-3310624.798449761,-8705977.729909034
2021-09-15 08:26:30,-24985277.679590557,-3321871.9492638493,-8792728.177855892
2021-09-15 08:27:00,-24953535.8238369,-3333210.5552182347,-8879312.784665046
2021-09-15 08:27:30,-24921492.622849625,-3344641.779723667,-8965729.92459002
2021-09-15 08:28:00,-24889148.95583459,-3356166.781062039,-9051977.975138307
2021-09-15 08:28:30,-24856505.711094454,-3367786.712330194,-9138055.3171
2021-09-15 08:29:00,-24823563.785992682,-3379502.721383969,-9223960.334576372
2021-09-15 08:29:30,-24790324.08691741,-3391315.950782498,-9309691.415008418
2021-09-15 08:30:00,-24756787.529244713,-3403227.5377327097,-9395246.949205298
2021-09-15 08:30:30,-24722955.037301756,-3415238.6140341237,-9480625.331372755
2021-09-15 08:31:00,-24688827.544329412,-3427350.3060237677,-9565824.959141359
2021-09-15 08:31:30,-24654405.992444657,-3439563.7345214984,-9650844.233594855
2021-09-15 08:32:00,-24619691.33260253,-3451880.0147754173,-9735681.559298277
2021-09-15 08:32:30,-24584684.524557814,-3464300.2564076316,-9820335.344326109
2021-09-15 08:33:00,-24549386.536826346,-3476825.5633601635,-9904804.00029026
2021-09-15 08:33:30,-24513798.34664595,-3489457.0338412467,-9989085.942368133
2021-09-15 08:34:00,-24477920.93993711,-3502195.760271754,-10073179.589330481
2021-09-15 08:34:30,-24441755.311263204,-3515042.8292319137,-10157083.363569217
2021-09-15 08:35:00,-24405302.46379049,-3527999.3214083323,-10240795.691125268
2021-09-15 08:35:30,-24368563.409247752,-3541066.3115411513,-10324315.001716126
2021-09-15 08:36:00,-24331539.167885486,-3554244.8683716552,-10407639.728763647
2021-09-15 08:36:30,-24294230.76843495,-3567536.054589938,-10490768.309421457
2021-09-15 08:37:00,-24256639.24806671,-3580940.926782979,-10573699.184602505
2021-09-15 08:37:30,-24218765.65234897,-3594460.5353829265,-10656430.799006462
2021-09-15 08:38:00,-24180611.035205524,-3608095.9246156323,-10738961.601147024
2021-09-15 08:38:30,-24142176.45887341,-3621848.132449522,-10821290.043379225
2021-09-15 08:39:00,-24103462.99386019,-3635718.19054468,-10903414.581926594
2021-09-15 08:39:30,-24064471.718900986,-3649707.1242021923,-10985333.676908232
2021-09-15 08:40:00,-24025203.720915116,-3663815.9523138735,-11067045.792365946
2021-09-15 08:40:30,-23985660.094962463,-3678045.68731215,-11148549.396291154
2021-09-15 08:41:00,-23945841.94419955,-3692397.3351202663,-11229842.960651757
2021-09-15 08:41:30,-23905750.379835207,-3706871.895102822,-11310924.961419009
2021-09-15 08:42:00,-23865386.521086045,-3721470.3600165234,-11391793.878594229
2021-09-15 08:42:30,-23824751.495131508,-3736193.71596126,-11472448.196235472
2021-09-15 08:43:00,-23783846.437068682,-3751042.9423314603,-11552886.402484111
2021-09-15 08:43:30,-23742672.489866816,-3766019.011767758,-11633106.989591392
2021-09-15 08:44:00,-23701230.804321487,-3781122.89010886,-11713108.453944758
2021-09-15 08:44:30,-23659522.539008446,-3796355.536343892,-11792889.296094365
2021-09-15 08:45:00,-23617548.86023725,-3811717.902564857,-11872448.020779263
2021-09-15 08:45:30,-23575310.9420045,-3827210.9339194456,-11951783.136953587
2021-09-15 08:46:00,-23532809.965946887,-3842835.5685642306,-12030893.157812763
2021-09-15 08:46:30,-23490047.12129378,-3858592.737618055,-12109776.600819502
2021-09-15 08:47:00,-23447023.604819722,-3874483.365115775,-12188431.987729765
2021-09-15 08:47:30,-23403740.620796494,-3890508.3679622756,-12266857.844618661
2021-09-15 08:48:00,-23360199.380944904,-3906668.655886879,-12345052.701906297
2021-09-15 08:48:30,-23316401.104386352,-3922965.1313979393,-12423015.094383443
2021-09-15 08:49:00,-23272347.01759405,-3939398.6897378527,-12500743.56123725
2021-09-15 08:49:30,-23228038.354344018,-3955970.2188382996,-12578236.646076752
2021-09-15 08:50:00,-23183476.355665695,-3972680.599275887,-12655492.896958426
2021-09-15 08:50:30,-23138662.269792426,-3989530.704227998,-12732510.86641153
2021-09-15 08:51:00,-23093597.352111477,-4006521.399429108,-12809289.11146353
2021-09-15 08:51:30,-23048282.86511399,-4023653.543127246,-12885826.193665242
2021-09-15 08:52:00,-23002720.078344487,-4040927.9860409135,-12962120.679116042
2021-09-15 08:52:30,-22956910.26835017,-4058345.5713162944,-13038171.13848899
2021-09-15 08:53:00,-22910854.718630023,-4075907.1344847055,-13113976.147055726
2021-09-15 08:53:30,-22864554.719583496,-4093613.5034205504,-13189534.284711536
2021-09-15 08:54:00,-22818011.568459056,-4111465.498299389,-13264844.136000047
2021-09-15 08:54:30,-22771226.569302443,-4129463.9315564902,-13339904.290138032
2021-09-15 08:55:00,-22724201.032904543,-4147609.607845703,-13414713.341040112
2021-09-15 08:55:30,-22676936.276749276,-4165903.3239985527,-13489269.8873433
2021-09-15 08:56:00,-22629433.62496091,-4184345.8689838266,-13563572.532431515
2021-09-15 08:56:30,-22581694.408251356,-4202938.023867338,-13637619.884459985
2021-09-15 08:57:00,-22533719.963867124,-4221680.561772159,-13711410.55637958
2021-09-15 08:57:30,-22485511.63553597,-4240574.247839135,-13784943.165961087
2021-09-15 08:58:00,-22437070.77341343,-4259619.839187739,-13858216.335819334
2021-09-15 08:58:30,-22388398.734028976,-4278818.084877277,-13931228.693437275
2021-09-15 08:59:00,-22339496.88023207,-4298169.725868398,-14003978.871189965
2021-09-15 08:59:30,-22290366.581137802,-4317675.494985095,-14076465.506368512
2021-09-15 10:00:00,-9094884.846426532,-14460841.268423948,-20541263.838418595
2021-09-15 10:00:30,-9017775.42761843,-14463564.003389621,-20573104.797552586
2021-09-15 10:01:00,-8940551.760954168,-14466421.502274208,-20604558.748777065
2021-09-15 10:01:30,-8863215.516884157,-14469414.216266606,-20635625.093434084
2021-09-15 10:02:00,-8785768.369386269,-14472542.587249117,-20666303.24000366
2021-09-15 10:02:30,-8708211.995903136,-14475807.047775842,-20696592.604114868
2021-09-15 10:03:00,-8630548.077279555,-14479208.021051448,-20726492.60855671
2021-09-15 10:03:30,-8552778.297699451,-14482745.920910379,-20756002.683288954
2021-09-15 10:04:00,-8474904.344623022,-14486421.151796421,-20785122.265452787
2021-09-15 10:04:30,-8396927.908723554,-14490234.108742705,-20813850.79938141
2021-09-15 10:05:00,-8318850.683824094,-14494185.177352132,-20842187.73661048
2021-09-15 10:05:30,-8240674.366834147,-14498274.733778138,-20870132.53588846
2021-09-15 10:06:00,-8162400.657686049,-14502503.14470591,-20897684.66318683
2021-09-15 10:06:30,-8084031.259271484,-14506870.767334023,-20924843.59171017
2021-09-15 10:07:00,-8005567.877377493,-14511377.949356442,-20951608.80190619
2021-09-15 10:07:30,-7927012.220622772,-14516025.028944975,-20977979.781475585
2021-09-15 10:08:00,-7848366.000393617,-14520812.334732097,-21003956.025381763
2021-09-15 10:08:30,-7769630.930779783,-14525740.185794203,-21029537.035860486
2021-09-15 10:09:00,-7690808.728510224,-14530808.891635291,-21054722.322429433
2021-09-15 10:09:30,-7611901.112888889,-14536018.75217101,-21079511.401897542
2021-09-15 10:10:00,-7532909.805730143,-14541370.057713157,-21103903.798374288
2021-09-15 10:10:30,-7453836.53129433,-14546863.088954583,-21127899.043278903
2021-09-15 10:11:00,-7374683.016222997,-14552498.11695449,-21151496.675349362
2021-09-15 10:11:30,-7295450.989474327,-14558275.403124185,-21174696.240651354
2021-09-15 10:12:00,-7216142.18225818,-14564195.199213171,-21197497.292587023
2021-09-15 10:12:30,-7136758.327971178,-14570257.747295767,-21219899.391903732
2021-09-15 10:13:00,-7057301.162131678,-14576463.279758025,-21241902.10670258
2021-09-15 10:13:30,-6977772.422314728,-14582812.019285168,-21263505.012446865
2021-09-15 10:14:00,-6898173.848086816,-14589304.178849354,-21284707.691970404
2021-09-15 10:14:30,-6818507.180940587,-14595939.961697932,-21305509.73548576
2021-09-15 12:00:00,17017753.1095886,-11773150.803198103,-16723471.129234323
2021-09-15 12:00:30,17080635.87217898,-11767419.190278344,-16662211.83209934
2021-09-15 12:01:00,17143299.883486677,-11761794.378890943,-16600635.125856826
2021-09-15 12:01:30,17205743.759271674,-11756275.47185447,-16538742.158987025
2021-09-15 12:02:00,17267966.122154605,-11750861.56442815,-16476534.086143024
2021-09-15 12:02:30,17329965.601670213,-11745551.744354878,-16414012.068131125
2021-09-15 12:03:00,17391740.834321033,-11740345.091904419,-16351177.271890877
2021-09-15 12:03:30,17453290.463630483,-11735240.679917047,-16288030.870475069
2021-09-15 12:04:00,17514613.14019563,-11730237.57384759,-16224574.043029739
2021-09-15 12:04:30,17575707.521739997,-11725334.83180965,-16160807.974773806
2021-09-15 12:05:00,17636572.27316578,-11720531.504620306,-16096733.856978774
2021-09-15 12:05:30,17697206.066605914,-11715826.635845102,-16032352.886948237
2021-09-15 12:06:00,17757607.58147596,-11711219.261843316,-15967666.267997174
2021-09-15 12:06:30,17817775.504525393,-11706708.411813717,-15902675.20943139
2021-09-15 12:07:00,17877708.52988906,-11702293.10784042,-15837380.926526407
2021-09-15 12:07:30,17937405.35913785,-11697972.364939338,-15771784.640506713
2021-09-15 12:08:00,17996864.701329492,-11693745.191104736,-15705887.578524478
2021-09-15 12:08:30,18056085.27305885,-11689610.587356208,-15639690.973638348
2021-09-15 12:09:00,18115065.798507866,-11685567.54778604,-15573196.064792164
2021-09-15 12:09:30,18173805.009495437,-11681615.059606759,-15506404.096793365
2021-09-15 12:10:00,18232301.645526744,-11677752.1031991,-15439316.320291441
2021-09-15 12:10:30,18290554.453842454,-11673977.652160253,-15371933.99175618
2021-09-15 12:11:00,18348562.189467497,-11670290.67335245,-15304258.373455808
2021-09-15 12:11:30,18406323.615259662,-11666690.126951836,-15236290.73343501
2021-09-15 12:12:00,18463837.50195767,-11663174.96649771,-15168032.345492877
2021-09-15 12:12:30,18521102.62822926,-11659744.138941973,-15099484.489160579
2021-09-15 12:13:00,18578117.780718707,-11656396.584698979,-15030648.449679071
2021-09-15 12:13:30,18634881.754093964,-11653131.237695707,-14961525.517976696
2021-09-15 12:14:00,18691393.35109385,-11649947.025422111,-14892116.990646468
2021-09-15 12:14:30,18747651.382574532,-11646842.868981894,-14822424.169923425
2021-09-15 12:15:00,18803654.66755586,-11643817.683143571,-14752448.363661818
2021-09-15 12:15:30,18859402.03326736,-11640870.376391776,-14682190.885312151
2021-09-15 12:16:00,18914892.315194033,-11637999.850978833,-14611653.053897997
2021-09-15 12:16:30,18970124.35712139,-11635205.002976827,-14540836.193993047
2021-09-15 12:17:00,19025097.01118081,-11632484.722329672,-14469741.635697518
2021-09-15 12:17:30,19079809.137893923,-11629837.892905712,-14398370.714614939
2021-09-15 12:18:00,19134259.606217194,-11627263.392550431,-14326724.771828428
2021-09-15 12:18:30,19188447.29358569,-11624760.09313966,-14254805.153877204
2021-09-15 12:19:00,19242371.085956924,-11622326.860632826,-14182613.212732652
2021-09-15 12:19:30,19296029.877854154,-11619962.555126617,-14110150.305774415
2021-09-15 12:20:00,19349422.572409246,-11617666.030908989,-14037417.795766514
2021-09-15 12:20:30,19402548.081405442,-11615436.136513265,-13964417.050833043
2021-09-15 12:21:00,19455405.325319648,-11613271.714772664,-13891149.444433967
2021-09-15 12:21:30,19507993.233364258,-11611171.602875065,-13817616.355340797
2021-09-15 12:22:00,19560310.743528884,-11609134.632417997,-13743819.167612016
2021-09-15 12:22:30,19612356.802621562,-11607159.629463917,-13669759.27056847
2021-09-15 12:23:00,19664130.36630956,-11605245.414595826,-13595438.058768732
2021-09-15 12:23:30,19715630.399160016,-11603390.802973013,-13520856.931984143
2021-09-15 12:24:00,19766855.87468009,-11601594.60438718,-13446017.295173915
2021-09-15 12:24:30,19817805.775356688,-11599855.623318797,-13370920.558460072
2021-09-15 12:25:00,19868479.09269607,-11598172.658993639,-13295568.137102207
2021-09-15 12:25:30,19918874.827262845,-11596544.505439647,-13219961.451472174
2021-09-15 12:26:00,19968991.98871865,-11594969.951544126,-13144101.927028785
2021-09-15 12:26:30,20018829.59586065,-11593447.781110952,-13067990.994292116
2021-09-15 12:27:00,20068386.676659383,-11591976.77291828,-12991630.088817984
2021-09-15 12:27:30,20117662.26829654,-11590555.700776313,-12915020.651172077
2021-09-15 12:28:00,20166655.417202014,-11589183.333585456,-12838164.12690423
2021-09-15 12:28:30,20215365.17909097,-11587858.4353946,-12761061.966522297
2021-09-15 12:29:00,20263790.619000208,-11586579.765459679,-12683715.625466118
2021-09-15 12:29:30,20311930.811324336,-11585346.078302518,-12606126.564081332
2021-09-15 12:30:00,20359784.839851506,-11584156.123769809,-12528296.247593014
2021-09-15 12:30:30,20407351.797798835,-11583008.647092398,-12450226.146079239
2021-09-15 12:31:00,20454630.787847232,-11581902.388944782,-12371917.734444594
2021-09-15 12:31:30,20501620.922176164,-11580836.08550482,-12293372.492393473
2021-09-15 12:32:00,20548321.322497737,-11579808.468513671,-12214591.90440335
2021-09-15 12:32:30,20594731.120090626,-11578818.265335932,-12135577.459697863
2021-09-15 12:33:00,20640849.455833398,-11577864.19902004,-12056330.652219875
2021-09-15 12:33:30,20686675.48023767,-11576944.988358855,-11976852.980604345
2021-09-15 12:34:00,20732208.353480604,-11576059.34795049,-11897145.948151225
2021-09-15 12:34:30,20777447.245437354,-11575205.988259286,-11817211.062798021
2021-09-15 12:35:00,20822391.33571277,-11574383.61567703,-11737049.837092442
2021-09-15 12:35:30,20867039.81367297,-11573590.932584431,-11656663.788164897
2021-09-15 12:36:00,20911391.8784763,-11572826.63741272,-11576054.437700853
2021-09-15 12:36:30,20955446.739104122,-11572089.424705453,-11495223.311913045
2021-09-15 12:37:00,20999203.614391003,-11571377.985180596,-11414171.941513741
2021-09-15 12:37:30,21042661.733054508,-11570691.00579273,-11332901.861686755
2021-09-15 12:38:00,21085820.333724868,-11570027.169795414,-11251414.612059308
2021-09-15 12:38:30,21128678.66497384,-11569385.156803839,-11169711.736673977
2021-09-15 12:39:00,21171235.985343393,-11568763.642857632,-11087794.78396045
2021-09-15 12:39:30,21213491.563374024,-11568161.30048377,-11005665.306707041
2021-09-15 12:40:00,21255444.677632496,-11567576.79875978,-10923324.862032337
2021-09-15 12:40:30,21297094.616739288,-11567008.80337708,-10840775.011356596
2021-09-15 12:41:00,21338440.679395612,-11566455.976704441,-10758017.320373029
2021-09-15 12:41:30,21379482.174409978,-11565916.977851717,-10675053.359019069
2021-09-15 12:42:00,21420218.420724373,-11565390.462733682,-10591884.701447517
2021-09-15 12:42:30,21460648.747440003,-11564875.084134065,-10508512.92599752
2021-09-15 12:43:00,21500772.49384271,-11564369.491769675,-10424939.615165439
2021-09-15 12:43:30,21540589.009427745,-11563872.332354872,-10341166.35557585
2021-09-15 12:44:00,21580097.6539244,-11563382.24966596,-10257194.737952081
2021-09-15 12:44:30,21619297.797320087,-11562897.884605885,-10173026.357086869
2021-09-15 12:45:00,21658188.819883842,-11562417.8752691,-10088662.811813002
2021-09-15 12:45:30,21696770.112189732,-11561940.857006501,-10004105.704973616
2021-09-15 12:46:00,21735041.075139582,-11561465.462490521,-9919356.643392533
2021-09-15 12:46:30,21773001.11998532,-11560990.32178045,-9834417.237844575
2021-09-15 12:47:00,21810649.66835101,-11560514.06238781,-9749289.103025595
2021-09-15 12:47:30,21847986.152254313,-11560035.30934191,-9663973.85752258
2021-09-15 12:48:00,21885010.0141276,-11559552.685255542,-9578473.123783568
2021-09-15 12:48:30,21921720.706838623,-11559064.810390793,-9492788.528087493
2021-09-15 12:49:00,21958117.693710703,-11558570.302725013,-9406921.700513942
2021-09-15 12:49:30,21994200.448542602,-11558067.778016841,-9320874.274912758
2021-09-15 12:50:00,22029968.455627836,-11557555.849872496,-9234647.888873689
2021-09-15 12:50:30,22065421.209773578,-11557033.129812054,-9148244.183695793
2021-09-15 12:51:00,22100558.216319237,-11556498.227335896,-9061664.804356797
2021-09-15 12:51:30,22135378.991154373,-11555949.749991316,-8974911.399482472
2021-09-15 12:52:00,22169883.06073649,-11555386.303439153,-8887985.621315693
2021-09-15 12:52:30,22204069.96210806,-11554806.49152063,-8800889.125685638
2021-09-15 12:53:00,22237939.24291333,-11554208.916324237,-8713623.571976766
2021-09-15 12:53:30,22271490.46141465,-11553592.17825272,-8626190.623097682
2021-09-15 12:54:00,22304723.186508227,-11552954.876090234,-8538591.945450058
2021-09-15 12:54:30,22337636.997739613,-11552295.607069544,-8450829.208897324
2021-09-15 12:55:00,22370231.485318705,-11551612.96693929,-8362904.086733249
2021-09-15 12:55:30,22402506.25013418,-11550905.55003143,-8274818.255650606
2021-09-15 12:56:00,22434460.903767597,-11550171.949328769,-8186573.39570964
2021-09-15 12:56:30,22466095.06850711,-11549410.756532453,-8098171.190306362
2021-09-15 12:57:00,22497408.377360538,-11548620.5621297,-8009613.3261409225
2021-09-15 12:57:30,22528400.474068195,-11547799.955461545,-7920901.493185813
2021-09-15 12:58:00,22559071.013115097,-11546947.52479064,-7832037.384653992
2021-09-15 12:58:30,22589419.65974292,-11546061.85736918,-7743022.696966893
2021-09-15 12:59:00,22619446.089961294,-11545141.539506884,-7653859.129722423
2021-09-15 12:59:30,22649149.99055873,-11544185.15663906,-7564548.385662876
2021-09-15 14:00:00,26038546.388648074,2669651.976490304,3792166.973875296
2021-09-15 14:00:30,26023242.946788255,2678794.0308350725,3886010.398637791
2021-09-15 14:01:00,26007599.436128028,2687964.6505049164,3979778.453923199
2021-09-15 14:01:30,25991616.183974646,2697165.1855389317,4073469.3165812693
2021-09-15 14:02:00,25975293.528662086,2706396.98407552,4167081.164768573
2021-09-15 14:02:30,25958631.819539074,2715661.3922848054,4260612.177985888
2021-09-15 14:03:00,25941631.416956812,2724959.754300627,4354060.5371148735
2021-09-15 14:03:30,25924292.692255963,2734293.4121531267,4447424.4244554425
2021-09-15 14:04:00,25906616.027753428,2743663.7057010443,4540702.023762601
2021-09-15 14:04:30,25888601.81672852,2753071.9725642297,4633891.520283455
2021-09-15 14:05:00,25870250.463408697,2762519.548056291,4726991.1007942585
2021-09-15 14:05:30,25851562.382954758,2772007.7651172876,4819998.953637389
2021-09-15 14:06:00,25832538.0014457,2781537.9542464945,4912913.2687582625
2021-09-15 14:06:30,25813177.75586302,2791111.4434352857,5005732.237742257
2021-09-15 14:07:00,25793482.094074477,2800729.5581002296,5098454.0538517805
2021-09-15 14:07:30,25773451.474817622,2810393.621016004,5191076.912062898
2021-09-15 14:08:00,25753086.36768254,2820104.952248805,5283599.009102503
2021-09-15 14:08:30,25732387.2530944,2829864.869089498,5376018.543484925
2021-09-15 14:09:00,25711354.62229542,2839674.685987176,5468333.715548949
2021-09-15 14:09:30,25689988.977326293,2849535.714482692,5560542.727494577
2021-09-15 14:10:00,25668290.83100735,2859449.2631421993,5652643.783419639
2021-09-15 14:10:30,25646260.706919026,2869416.637491181,5744635.089356875
2021-09-15 14:11:00,25623899.139382042,2879439.1399481753,5836514.85331038
2021-09-15 14:11:30,25601206.67343705,2889518.0697588944,5928281.285292398
2021-09-15 14:12:00,25578183.864823777,2899654.7229304984,6019932.597360127
2021-09-15 14:12:30,25554831.279959794,2909850.392165796,6111467.003652177
2021-09-15 14:13:00,25531149.495918788,2920106.3667977327,6202882.720425237
2021-09-15 14:13:30,25507139.10040829,2930423.932724128,6294177.966090824
2021-09-15 14:14:00,25482800.691747148,2940804.3723422056,6385350.96125154
2021-09-15 14:14:30,25458134.878842294,2951248.9644837067,6476399.928737889
2021-09-15 14:15:00,25433142.281165246,2961758.984349818,6567323.093644577
2021-09-15 14:15:30,25407823.528728057,2972335.7034464194,6658118.683367033
2021-09-15 14:16:00,25382179.262058843,2982980.3895194456,6748784.927637816
2021-09-15 14:16:30,25356210.132176824,2993694.3064904404,6839320.058563033
2021-09-15 14:17:00,25329916.800566975,3004478.714392179,6929722.310658598
2021-09-15 14:17:30,25303299.939154163,3015334.8693046006,7019989.920886624
2021-09-15 14:18:00,25276360.230276823,3026264.023290808,7110121.128691669
2021-09-15 14:18:30,25249098.366660282,3037267.424333234,7200114.176036911
2021-09-15 14:19:00,25221515.0513895,3048346.3162700864,7289967.3074404225
2021-09-15 14:19:30,25193610.997881502,3059501.9387318105,7379678.770011201
2021-09-15 14:20:00,25165386.929857194,3070735.5270779496,7469246.813485422
2021-09-15 14:20:30,25136843.58131289,3082048.312333979,7558669.690262401
2021-09-15 14:21:00,25107981.69649137,3093441.521128397,7647945.655440555
2021-09-15 14:21:30,25078802.029852364,3104916.375630119,7737072.966853529
2021-09-15 14:22:00,25049305.346042775,3116474.093485864,7826049.885105948
2021-09-15 14:22:30,25019492.41986631,3128115.8877579584,7914874.673609453
2021-09-15 14:23:00,24989364.03625277,3139842.966862112,8003545.598618388
2021-09-15 14:23:30,24958920.990226854,3151656.5345056294,8092060.929265717
2021-09-15 14:24:00,24928164.086876567,3163557.789625578,8180418.937598583
2021-09-15 14:24:30,24897094.141321104,3175547.926327418,8268617.89861417
2021-09-15 14:25:00,24865711.97867842,3187628.133823628,8356656.090295181
2021-09-15 14:25:30,24834018.434032265,3199799.5963727045,8444531.793645518
2021-09-15 14:26:00,24802014.352398846,3212063.4932182874,8532243.292725764
2021-09-15 14:26:30,24769700.588693045,3224420.9985284614,8619788.874688577
2021-09-15 14:27:00,24737078.007694192,3236873.281335514,8707166.829814296
2021-09-15 14:27:30,24704147.484011427,3249421.505475567,8794375.451546062
2021-09-15 14:28:00,24670909.90204862,3262066.8295287276,8881413.036525263
2021-09-15 14:28:30,24637366.155968893,3274810.4067593985,8968277.884626811
2021-09-15 14:29:00,24603517.149658732,3287653.385056626,9054968.298994113
2021-09-15 14:29:30,24569363.79669156,3300596.906875081,9141482.58607449
2021-09-15 14:30:00,24534907.020291064,3313642.1091758525,9227819.055653999
2021-09-15 14:30:30,24500147.753293995,3326790.1233677557,9313976.02089253
2021-09-15 14:31:00,24465086.938112557,3340042.0752488393,9399951.79835878
2021-09-15 14:31:30,24429725.526696406,3353399.084948051,9485744.708065053
2021-09-15 14:32:00,24394064.48049427,3366862.266867224,9571353.073502097
2021-09-15 14:32:30,24358104.77041503,3380432.7296233587,9656775.22167391
2021-09-15 14:33:00,24321847.376788557,3394111.575991031,9742009.483132327
2021-09-15 14:33:30,24285293.289326016,3407899.9028451936,9827054.192011701
2021-09-15 14:34:00,24248443.50707983,3421798.8011041684,9911907.686063446
2021-09-15 14:34:30,24211299.03840319,3435809.355672892,9996568.306690477
2021-09-15 14:35:00,24173860.9009092,3449932.6453864984,10081034.398981666
2021-09-15 14:35:30,24136130.121429626,3464169.7429540986,10165304.311746169
2021-09-15 14:36:00,24098107.73597323,3478521.714902821,10249376.397547623
2021-09-15 14:36:30,24059794.789683633,3492989.621522286,10333249.01273851
2021-09-15 14:37:00,24021192.336796917,3507574.516809142,10416920.517494127
2021-09-15 14:37:30,23982301.4405988,3522277.4484119453,10500389.275846653
2021-09-15 14:38:00,23943123.17338129,3537099.4575765016,10583653.655719245
2021-09-15 14:38:30,23903658.616399128,3552041.579091195,10666712.028959775
2021-09-15 14:39:00,23863908.859825715,3567104.841232882,10749562.771374807
2021-09-15 14:39:30,23823875.0027087,3582290.265712878,10832204.262763252
2021-09-15 14:40:00,23783558.152925212,3597598.867623322,10914634.886950037
2021-09-15 14:40:30,23742959.427136652,3613031.655383845,10996853.031819718
2021-09-15 14:41:00,23702079.950743113,3628589.6306885625,11078857.089350069
2021-09-15 14:41:30,23660920.85783749,3644273.7884532167,11160645.45564534
2021-09-15 14:42:00,23619483.2911591,3660085.1167628434,11242216.530969769
2021-09-15 14:42:30,23577768.402047023,3676024.596819599,11323568.719780803
2021-09-15 14:43:00,23535777.350393075,3692093.202890845,11404700.430762175
2021-09-15 14:43:30,23493511.30459426,3708291.902257804,11485610.07685721
2021-09-15 14:44:00,23450971.44150508,3724621.655164187,11566296.075301655
2021-09-15 14:44:30,23408158.9463893,3741083.4147654,11646756.847656708
2021-09-15 14:45:00,23365075.01287144,3757678.127077936,11726990.819841836
2021-09-15 14:45:30,23321720.84288785,3774406.730929155,11806996.422167534
2021-09-15 14:46:00,23278097.646637484,3791270.157907324,11886772.089368002
2021-09-15 14:46:30,23234206.642532263,3808269.332312051,11966316.260633726
2021-09-15 14:47:00,23190049.057147115,3825405.1711049555,12045627.379643911
2021-09-15 14:47:30,23145626.125169642,3842678.583860824,12124703.894599
2021-09-15 14:48:00,23100939.08934948,3860090.472718872,12203544.258252844
2021-09-15 14:48:30,23055989.2004472,3877641.732334598,12282146.927945042
2021-09-15 14:49:00,23010777.71718301,3895333.2498317827,12360510.365632992
2021-09-15 14:49:30,22965305.906185027,3913165.9047548547,12438633.037923908
2021-09-15 14:50:00,22919575.041937187,3931140.569021743,12516513.416106854
2021-09-15 14:50:30,22873586.406726874,3949258.1068768557,12594149.976184443
2021-09-15 14:51:00,22827341.290592212,3967519.3748445744,12671541.19890467
2021-09-15 14:51:30,22780840.991268933,3985925.221683041,12748685.569792582
2021-09-15 14:52:00,22734086.814137045,4004476.488338258,12825581.579181705
2021-09-15 14:52:30,22687080.072167043,4023174.0078986334,12902227.722245649
2021-09-15 14:53:00,22639822.085865896,4042018.60554975,12978622.499029325
2021-09-15 14:53:30,22592314.183222644,4061011.0985296294,13054764.414480262
2021-09-15 14:54:00,22544557.6996537,4080152.296084258,13130651.978479737
2021-09-15 14:54:30,22496553.977947805,4099442.9994235486,13206283.705873854
2021-09-15 14:55:00,22448304.36821069,4118884.0016775755,13281658.11650441
2021-09-15 14:55:30,22399810.22780944,4138476.087853277,13356773.735239837
2021-09-15 14:56:00,22351072.921316497,4158220.0347914333,13431629.09200584
2021-09-15 14:56:30,22302093.820453398,4178116.61112406,13506222.72181606
2021-09-15 14:57:00,22252874.304034133,4198166.577232262,13580553.164802682
2021-09-15 14:57:30,22203415.757908314,4218370.685204204,13654618.966246678
2021-09-15 14:58:00,22153719.574903958,4238729.678793771,13728418.676608287
2021-09-15 14:58:30,22103787.15476993,4259244.293379417,13801950.85155714
2021-09-15 14:59:00,22053619.904118266,4279915.255923382,13875214.052002326
2021-09-15 14:59:30,22003219.23636592,4300743.284931454,13948206.844122458
2021-09-15 16:00:00,8617867.016018556,14366110.723874407,20406643.904818393
2021-09-15 16:00:30,8538791.338954635,14369385.099410778,20437780.191163324
2021-09-15 16:01:00,8459604.748673264,14372794.400986576,20468518.14080772
2021-09-15 16:01:30,8380309.004037949,14376339.065692302,20498857.162989467
2021-09-15 16:02:00,8300905.867398337,14380019.521023102,20528796.674880616
2021-09-15 16:02:30,8221397.104520536,14383836.18485751,20558336.10159866
2021-09-15 16:03:00,8141784.484517274,14387789.46543661,20587474.87621763
2021-09-15 16:03:30,8062069.7797778845,14391879.761343665,20616212.43977899
2021-09-15 16:04:00,7982254.765898233,14396107.461484142,20644548.241302367
2021-09-15 16:04:30,7902341.221610409,14400472.945066309,20672481.737796128
2021-09-15 16:05:00,7822330.928712394,14404976.581582142,20700012.394267764
2021-09-15 16:05:30,7742225.671997535,14409618.730788816,20727139.683734078
2021-09-15 16:06:00,7662027.239183898,14414399.742690546,20753863.087231215
2021-09-15 16:06:30,7581737.42084356,14419319.957520997,20780182.09382457
2021-09-15 16:07:00,7501358.010331689,14424379.70572601,20806096.20061838
2021-09-15 16:07:30,7420890.803715621,14429579.307946913,20831604.91276528
2021-09-15 16:08:00,7340337.599703763,14434919.075004244,20856707.74347562
2021-09-15 16:08:30,7259700.199574356,14440399.307881916,20881404.214026608
2021-09-15 16:09:00,7178980.407104237,14446020.297711842,20905693.853771247
2021-09-15 16:09:30,7098180.028497395,14451782.32575907,20929576.200147178
2021-09-15 16:10:00,7017300.872313535,14457685.663407333,20953050.79868526
2021-09-15 16:10:30,6936344.749396426,14463730.572145067,20976117.20301802
2021-09-15 16:11:00,6855313.472802278,14469917.303551894,20998774.97488788
2021-09-15 16:11:30,6774208.857727951,14476246.099285593,21021023.684155278
2021-09-15 16:12:00,6693032.721439129,14482717.191069497,21042862.908806536
2021-09-15 16:12:30,6611786.883198381,14489330.800680382,21064292.23496161
2021-09-15 16:13:00,6530473.164193151,14496087.1399368,21085311.25688159
2021-09-15 16:13:30,6449093.387463702,14502986.410687905,21105919.57697612
2021-09-15 16:14:00,6367649.377830942,14510028.804802706,21126116.80581055
2021-09-15 16:14:30,6286142.961824269,14517214.504159836,21145902.562112935
2021-09-15 16:15:00,6204575.967609212,14524543.680637708,21165276.4727809
2021-09-15 16:15:30,6122950.22491514,14532016.496105263,21184238.17288825
2021-09-15 16:16:00,6041267.564962858,14539633.102413056,21202787.305691473
2021-09-15 16:16:30,5959529.820392168,14547393.641384866,21220923.52263601
2021-09-15 16:17:00,5877738.825189343,14555298.24480981,21238646.483362373
2021-09-15 16:17:30,5795896.414614594,14563347.034434857,21255955.855712086
2021-09-15 16:18:00,5714004.425129503,14571540.121957848,21272851.315733414
2021-09-15 16:18:30,5632064.694324328,14579877.609020986,21289332.54768698
2021-09-15 16:19:00,5550079.060845393,14588359.58720478,21305399.244051117
2021-09-15 16:19:30,5468049.364322362,14596986.138022471,21321051.105527103
2021-09-15 16:20:00,5385977.445295485,14605757.332914922,21336287.8410442
2021-09-15 16:20:30,5303865.145142876,14614673.233245958,21351109.167764492
2021-09-15 16:21:00,5221714.306007661,14623733.890298242,21365514.811087597
2021-09-15 16:21:30,5139526.770725258,14632939.34526951,21379504.504655115
2021-09-15 16:22:00,5057304.382750468,14642289.629269399,21393077.990354985
2021-09-15 16:22:30,4975048.986084672,14651784.763316644,21406235.018325612
2021-09-15 16:23:00,4892762.425202989,14661424.758336805,21418975.346959803
2021-09-15 16:23:30,4810446.544981387,14671209.615160448,21431298.742908597
2021-09-15 16:24:00,4728103.190623844,14681139.324521793,21443204.9810848
2021-09-15 16:24:30,4645734.207589464,14691213.867057806,21454693.844666462
2021-09-15 16:25:00,4563341.441519617,14701433.213307833,21465765.125100058
2021-09-15 16:25:30,4480926.738165084,14711797.323713627,21476418.622103617
2021-09-15 16:26:00,4398491.943313213,14722306.148619866,21486654.143669534
2021-09-15 16:26:30,4316038.902715071,14732959.628275182,21496471.50606732
2021-09-15 16:27:00,4233569.462012612,14743757.692833615,21505870.533846106
2021-09-15 16:27:30,4151085.4666659012,14754700.262356553,21514851.059836984
2021-09-15 16:28:00,4068588.7618803037,14765787.246815104,21523412.92515515
2021-09-15 16:28:30,3986081.1925337208,14777018.546093028,21531555.979201946
2021-09-15 16:29:00,3903564.6031039013,14788394.049990036,21539280.079666592
2021-09-15 16:29:30,3821040.837595716,14799913.638225622,21546585.09252785
2021-09-15 16:30:00,3738511.7394684535,14811577.180443332,21553470.89205547
2021-09-15 16:30:30,3655979.151563297,14823384.536215523,21559937.360811446
2021-09-15 16:31:00,3573444.9160306267,14835335.55504857,21565984.389651112
2021-09-15 16:31:30,3490910.8742575487,14847430.076388549,21571611.87772402
2021-09-15 16:32:00,3408378.866795396,14859667.929627389,21576819.73247473
2021-09-15 16:32:30,3325850.733287261,14872048.9341095,21581607.86964329
2021-09-15 16:33:00,3243328.312395643,14884572.899138816,21585976.21326565
2021-09-15 16:33:30,3160813.441730066,14897239.623986404,21589924.695673864
2021-09-15 16:34:00,3078307.9577748794,14910048.897898428,21593453.257496063
2021-09-15 16:34:30,2995813.6958169895,14923000.500104642,21596561.84765633
2021-09-15 16:35:00,2913332.48987378,14936094.199827326,21599250.423374318
2021-09-15 16:35:30,2830866.1726209954,14949329.756290725,21601518.950164787
2021-09-15 16:36:00,2748416.575320765,14962706.91873088,21603367.40183685
2021-09-15 16:36:30,2665985.527749709,14976225.426405959,21604795.76049312
2021-09-15 16:37:00,2583574.8581270785,14989885.0086071,21605804.016528666
2021-09-15 16:37:30,2501186.393043006,15003685.38466961,21606392.168629758
2021-09-15 16:38:00,2418821.957386821,15017626.263984721,21606560.22377247
2021-09-15 16:38:30,2336483.374275543,15031707.346011732,21606308.197221097
2021-09-15 16:39:00,2254172.464982302,15045928.320290692,21605636.112526383
2021-09-15 16:39:30,2171891.0488650333,15060288.866455456,21604544.00152358
2021-09-15 16:40:00,2089640.943295126,15074788.654247263,21603031.904330347
2021-09-15 16:40:30,2007423.9635862897,15089427.343528723,21601099.869344413
2021-09-15 16:41:00,1925241.922923454,15104204.584298324,21598747.95324117
2021-09-15 16:41:30,1843096.6322917847,15119120.016705317,21595976.22097095
2021-09-15 16:42:00,1760989.9004058389,15134173.271065123,21592784.745756276
2021-09-15 16:42:30,1678923.5336388128,15149363.967875151,21589173.6090888
2021-09-15 16:43:00,1596899.3359519402,15164691.717831094,21585142.900726162
2021-09-15 16:43:30,1514919.1088239544,15180156.121843668,21580692.71868863
2021-09-15 16:44:00,1432984.6511807307,15195756.771055812,21575823.169255584
2021-09-15 16:44:30,1351097.7593250303,15211493.24686031,21570534.36696178
2021-09-15 16:45:00,1269260.226866388,15227365.120917903,21564826.434593502
2021-09-15 16:45:30,1187473.8446510816,15243371.955175838,21558699.50318452
2021-09-15 16:46:00,1105740.4006923544,15259513.301886825,21552153.712011833
2021-09-15 16:46:30,1024061.6801006459,15275788.70362851,21545189.208591264
2021-09-15 16:47:00,942439.4650140409,15292197.693323355,21537806.148672942
2021-09-15 16:47:30,860875.5345288701,15308739.794258941,21530004.69623648
2021-09-15 16:48:00,779371.664630393,15325414.520108767,21521785.023486093
2021-09-15 16:48:30,697929.6281237463,15342221.37495346,21513147.3108455
2021-09-15 16:49:00,616551.1945649101,15359159.85330242,21504091.74695265
2021-09-15 16:49:30,535238.1301919478,15376229.44011594,21494618.528654266
2021-09-15 16:50:00,453992.1978563401,15393429.610827737,21484727.861000244
2021-09-15 16:50:30,372815.1569545143,15410759.831367917,21474419.957237877
2021-09-15 16:51:00,291708.7633595471,15428219.558186417,21463695.03880586
2021-09-15 16:51:30,210674.7693530037,15445808.238276813,21452553.335328188
2021-09-15 16:52:00,129714.9235569518,15463525.309200663,21440995.084607854
2021-09-15 16:52:30,48830.97086622752,15481370.19911217,21429020.53262034
2021-09-15 16:53:00,-31975.347619228065,15499342.326783389,21416629.933507025
2021-09-15 16:53:30,-112702.29466177849,15517441.101629756,21403823.549568307
2021-09-15 16:54:00,-193348.13695332594,15535665.923736146,21390601.651256666
2021-09-15 16:54:30,-273911.1451823963,15554016.1838833,21376964.517169483
2021-09-15 16:55:00,-354389.5941009694,15572491.26357468,21362912.434041705
2021-09-15 16:55:30,-434781.76259117713,15591090.535063803,21348445.696738385
2021-09-15 16:56:00,-515085.933731738,15609813.361381914,21333564.608246956
2021-09-15 16:56:30,-595300.3948642942,15628659.096366163,21318269.47966946
2021-09-15 16:57:00,-675423.437659421,15647627.084688187,21302560.6302145
2021-09-15 16:57:30,-755453.3581824875,15666716.661883034,21286438.387189075
2021-09-15 16:58:00,-835388.4569593929,15685927.154378638,21269903.08599025
2021-09-15 16:58:30,-915227.0390419159,15705257.879525587,21252955.070096634
2021-09-15 16:59:00,-994967.4140729904,15724708.145627422,21235594.691059735
2021-09-15 16:59:30,-1074607.896351711,15744277.251971235,21217822.30849508
2021-09-15 18:00:00,-17613599.1856339,11409952.269678773,16207499.626177818
2021-09-15 18:00:30,-17675992.602879416,11404321.559130525,16144535.005668579
2021-09-15 18:01:00,-17738154.946891584,11398798.474300744,16081259.742076477
2021-09-15 18:01:30,-17800084.87644182,11393382.097894264,16017675.07648091
2021-09-15 18:02:00,-17861781.057898786,11388071.50522439,15953782.25575256
2021-09-15 18:02:30,-17923242.165278547,11382865.764259746,15889582.532527395
2021-09-15 18:03:00,-17984466.88029463,11377763.935671417,15825077.16518041
2021-09-15 18:03:30,-18045453.89240755,11372765.07288044,15760267.417799393
2021-09-15 18:04:00,-18106201.898874115,11367868.222105583,15695154.560158513
2021-09-15 18:04:30,-18166709.604796346,11363072.422411466,15629739.867691863
2021-09-15 18:05:00,-18226975.723170027,11358376.705756998,15564024.621466914
2021-09-15 18:05:30,-18286998.974933006,11353780.097044054,15498010.10815776
2021-09-15 18:06:00,-18346778.089013036,11349281.614166588,15431697.620018454
2021-09-15 18:06:30,-18406311.80237535,11344880.26805992,15365088.454856101
2021-09-15 18:07:00,-18465598.860069867,11340575.062750429,15298183.91600391
2021-09-15 18:07:30,-18524638.015278067,11336364.99540541,15230985.312294094
2021-09-15 18:08:00,-18583428.029359393,11332249.056383472,15163493.95803086
2021-09-15 18:08:30,-18641967.67189751,11328226.229284931,15095711.172963032
2021-09-15 18:09:00,-18700255.72074602,11324295.491002738,15027638.282256825
2021-09-15 18:09:30,-18758290.96207395,11320455.81177356,14959276.61646837
2021-09-15 18:10:00,-18816072.190410733,11316706.155229224,14890627.51151626
2021-09-15 18:10:30,-18873598.208690982,11313045.478448419,14821692.308653923
2021-09-15 18:11:00,-18930867.828298848,11309472.732008636,14752472.354441924
2021-09-15 18:11:30,-18987879.869111955,11305986.860038513,14682969.000720251
2021-09-15 18:12:00,-19044633.159545008,11302586.800270306,14613183.604580376
2021-09-15 18:12:30,-19101126.53659307,11299271.48409278,14543117.528337395
2021-09-15 18:13:00,-19157358.845874436,11296039.836604241,14472772.139501914
2021-09-15 18:13:30,-19213328.94167309,11292890.77666598,14402148.810752012
2021-09-15 18:14:00,-19269035.68698088,11289823.21695584,14331248.919904962
2021-09-15 18:14:30,-19324477.953539267,11286836.064022167,14260073.849888973
2021-09-15 18:15:00,-19379654.62188065,11283928.218337964,14188624.988714855
2021-09-15 18:15:30,-19434564.581369426,11281098.574355334,14116903.729447506
2021-09-15 18:16:00,-19489206.730242576,11278346.020560168,14044911.470177438
2021-09-15 18:16:30,-19543579.975649863,11275669.439527083,13972649.613992108
2021-09-15 18:17:00,-19597683.23369381,11273067.707974628,13900119.568947226
2021-09-15 18:17:30,-19651515.42946897,11270539.69682077,13827322.748038044
2021-09-15 18:18:00,-19705075.497101214,11268084.271238538,13754260.569170404
2021-09-15 18:18:30,-19758362.379786234,11265700.290712046,13680934.455131887
2021-09-15 18:19:00,-19811375.029828038,11263386.6090926,13607345.833562708
2021-09-15 18:19:30,-19864112.40867669,11261142.07465522,13533496.136926714
2021-09-15 18:20:00,-19916573.486965943,11258965.530155262,13459386.802482178
2021-09-15 18:20:30,-19968757.244550284,11256855.81288535,13385019.272252558
2021-09-15 18:21:00,-20020662.67054175,11254811.754732514,13310394.992997179
2021-09-15 18:21:30,-20072288.763346184,11252832.182235561,13235515.416181834
2021-09-15 18:22:00,-20123634.530699246,11250915.916642686,13160381.99794932
2021-09-15 18:22:30,-20174698.989701886,11249061.773969313,13084996.199089918
2021-09-15 18:23:00,-20225481.166855533,11247268.565056112,13009359.48501173
2021-09-15 18:23:30,-20275980.09809676,11245535.095627334,12933473.325711079
2021-09-15 18:24:00,-20326194.828831736,11243860.166349221,12857339.195742644
2021-09-15 18:24:30,-20376124.413970012,11242242.572888786,12780958.574189719
2021-09-15 18:25:00,-20425767.91795817,11240681.10597271,12704332.944634309
2021-09-15 18:25:30,-20475124.41481283,11239174.551446442,12627463.795127109
2021-09-15 18:26:00,-20524192.988153446,11237721.690333562,12550352.618157512
2021-09-15 18:26:30,-20572972.73123455,11236321.298895339,12473000.910623528
2021-09-15 18:27:00,-20621462.746977653,11234972.148690434,12395410.173801577
2021-09-15 18:27:30,-20669662.148002736,11233673.006634863,12317581.913316246
2021-09-15 18:28:00,-20717570.0566593,11232422.63506213,12239517.639110023
2021-09-15 18:28:30,-20765185.60505697,11231219.791783582,12161218.865412937
2021-09-15 18:29:00,-20812507.93509586,11230063.230148878,12082687.110712068
2021-09-15 18:29:30,-20859536.198496234,11228951.699106753,12003923.897721115
2021-09-15 18:30:00,-20906269.556827977,11227883.943265896,11924930.753349843
2021-09-15 18:30:30,-20952707.181539603,11226858.702956023,11845709.20867339
2021-09-15 18:31:00,-20998848.253986754,11225874.714289136,11766260.798901679
2021-09-15 18:31:30,-21044691.965460405,11224930.709220976,11686587.063348612
2021-09-15 18:32:00,-21090237.51721455,11224025.415612591,11606689.545401275
2021-09-15 18:32:30,-21135484.12049349,11223157.557292188,11526569.792489126
2021-09-15 18:33:00,-21180430.996558715,11222325.854117014,11446229.356053017
2021-09-15 18:33:30,-21225077.376715355,11221529.022035526,11365669.791514264
2021-09-15 18:34:00,-21269422.50233825,11220765.773149636,11284892.658243554
2021-09-15 18:34:30,-21313465.624897473,11220034.815777168,11203899.51952991
2021-09-15 18:35:00,-21357206.005983513,11219334.854514454,11122691.942549499
2021-09-15 18:35:30,-21400642.917332105,11218664.590299085,11041271.498334445
2021-09-15 18:36:00,-21443775.640848383,11218022.72047285,10959639.761741627
2021-09-15 18:36:30,-21486603.468630962,11217407.938844714,10877798.311421216
2021-09-15 18:37:00,-21529125.70299521,11216818.935754117,10795748.729785493
2021-09-15 18:37:30,-21571341.65649641,11216254.398134224,10713492.602977261
2021-09-15 18:38:00,-21613250.651952244,11215713.0095755,10631031.52083851
2021-09-15 18:38:30,-21654852.022465017,11215193.450389277,10548367.076878825
2021-09-15 18:39:00,-21696145.111443385,11214694.39767152,10465500.868243795
2021-09-15 18:39:30,-21737129.272623587,11214214.525366757,10382434.495683452
2021-09-15 18:40:00,-21777803.870090358,11213752.50433205,10299169.563520549
2021-09-15 18:40:30,-21818168.278297324,11213307.002401184,10215707.679618858
2021-09-15 18:41:00,-21858221.88208697,11212876.684448913,10132050.455351396
2021-09-15 18:41:30,-21897964.07671025,11212460.212455362,10048199.5055686
2021-09-15 18:42:00,-21937394.267845597,11212056.245570565,9964156.448566487
2021-09-15 18:42:30,-21976511.871617675,11211663.440179046,9879922.90605473
2021-09-15 18:43:00,-22015316.314615592,11211280.44996459,9795500.503124679
2021-09-15 18:43:30,-22053807.033910654,11210905.925975077,9710890.868217407
2021-09-15 18:44:00,-22091983.477073777,11210538.516687457,9626095.633091636
2021-09-15 18:44:30,-22129845.102192342,11210176.868072804,9541116.43279168
2021-09-15 18:45:00,-22167391.377886727,11209819.623661457,9455954.905615263
2021-09-15 18:45:30,-22204621.783326272,11209465.424608298,9370612.693081392
2021-09-15 18:46:00,-22241535.80824492,11209112.90975811,9285091.439898131
2021-09-15 18:46:30,-22278132.952956323,11208760.715711016,9199392.793930357
2021-09-15 18:47:00,-22314412.72836858,11208407.476888021,9113518.406167455
2021-09-15 18:47:30,-22350374.655998483,11208051.82559663,9027469.930690981
2021-09-15 18:48:00,-22386018.267985318,11207692.392096544,8941249.024642287
2021-09-15 18:48:30,-22421343.107104264,11207327.804665484,8854857.348190151
2021-09-15 18:49:00,-22456348.726779286,11206956.689665027,8768296.564498285
2021-09-15 18:49:30,-22491034.691095654,11206577.671606556,8681568.339692878
2021-09-15 18:50:00,-22525400.574812,11206189.373217266,8594674.342830056
2021-09-15 18:50:30,-22559445.963371824,11205790.415506285,8507616.24586337
2021-09-15 18:51:00,-22593170.452914733,11205379.417830754,8420395.723611131
2021-09-15 18:51:30,-22626573.650287084,11204954.99796211,8333014.453723878
2021-09-15 18:52:00,-22659655.17305229,11204515.77215232,8245474.116651654
2021-09-15 18:52:30,-22692414.649500582,11204060.35520022,8157776.395611333
2021-09-15 18:53:00,-22724851.718658406,11203587.360517923,8069922.976553934
2021-09-15 18:53:30,-22756966.030297328,11203095.400197234,7981915.54813182
2021-09-15 18:54:00,-22788757.244942497,11202583.085076135,7893755.80166594
2021-09-15 18:54:30,-22820225.03388068,11202049.024805345,7805445.431113009
2021-09-15 18:55:00,-22851369.079167843,11201491.827914879,7716986.133032676
2021-09-15 18:55:30,-22882189.073636238,11200910.101880686,7628379.6065546535
2021-09-15 18:56:00,-22912684.720901158,11200302.45319126,7539627.553345774
2021-09-15 18:56:30,-22942855.7353671,11199667.487414405,7450731.677577152
2021-09-15 18:57:00,-22972701.8422336,11199003.809263881,7361693.685891135
2021-09-15 18:57:30,-23002222.777500544,11198310.022666212,7272515.287368384
2021-09-15 18:58:00,-23031418.287973076,11197584.730827436,7183198.193494848
2021-09-15 18:58:30,-23060288.131266043,11196826.536299925,7093744.118128758
2021-09-15 18:59:00,-23088832.07580796,11196034.041049179,7004154.777467514
2021-09-15 18:59:30,-23117049.900844634,11195205.846520703,6914431.89001468
2021-09-15 20:00:00,-26126008.314398028,-3093745.472846939,-4394583.217877525
2021-09-15 20:00:30,-26109782.449009214,-3101914.643745011,-4487312.252097884
2021-09-15 20:01:00,-26093223.74328355,-3110111.733404569,-4579956.446850698
2021-09-15 20:01:30,-26076332.58397455,-3118338.084669406,-4672514.055384822
2021-09-15 20:02:00,-26059109.368245102,-3126595.03825872,-4764983.332762659
2021-09-15 20:02:30,-26041554.503651083,-3134883.932702642,-4857362.535891571
2021-09-15 20:03:00,-26023668.40812461,-3143206.104277843,-4949649.923555205
2021-09-15 20:03:30,-26005451.5099568,-3151562.8869432514,-5041843.75644475
2021-09-15 20:04:00,-25986904.24778019,-3159955.612275811,-5133942.297190073
2021-09-15 20:04:30,-25968027.070550676,-3168385.609406511,-5225943.8103910005
2021-09-15 20:05:00,-25948820.43752908,-3176854.2049564114,-5317846.5626484
2021-09-15 20:05:30,-25929284.81826232,-3185362.722972792,-5409648.822595204
2021-09-15 20:06:00,-25909420.69256415,-3193912.484865507,-5501348.860927501
2021-09-15 20:06:30,-25889228.550495453,-3202504.809343387,-5592944.950435467
2021-09-15 20:07:00,-25868708.89234424,-3211141.0123507706,-5684435.366034255
2021-09-15 22:00:00,-8641020.510259286,-14552381.026247982,-20671292.1424565
2021-09-15 22:00:30,-8563420.128306521,-14554961.260881737,-20701518.586578824
2021-09-15 22:01:00,-8485711.2374356,-14557677.09333645,-20731355.579441074
2021-09-15 22:01:30,-8407895.518543065,-14560528.95125245,-20760802.552187677
2021-09-15 22:02:00,-8329974.655876596,-14563517.252906315,-20789858.94314621
2021-09-15 22:02:30,-8251950.336972092,-14566642.407190358,-20818524.197838012
2021-09-15 22:03:00,-8173824.252590519,-14569904.8135925,-20846797.76898861
2021-09-15 22:03:30,-8095598.096654706,-14573304.862176588,-20874679.116537984
2021-09-15 22:04:00,-8017273.566185925,-14576842.933563078,-20902167.70765085
2021-09-15 22:04:30,-7938852.361240449,-14580519.398910139,-20929263.016726654
2021-09-15 22:05:00,-7860336.1848458685,-14584334.619895179,-20955964.525409613
2021-09-15 22:05:30,-7781726.742937421,-14588288.948696738,-20982271.7225985
2021-09-15 22:06:00,-7703025.744294039,-14592382.727976847,-21008184.10445644
2021-09-15 22:06:30,-7624234.900474489,-14596616.290863726,-21033701.174420442
2021-09-15 22:07:00,-7545355.925753144,-14600989.960934963,-21058822.443210974
2021-09-15 22:07:30,-7466390.537055898,-14605504.052201057,-21083547.428841274
2021-09-15 22:08:00,-7387340.453895743,-14610158.869089384,-21107875.65662667
2021-09-15 22:08:30,-7308207.398308432,-14614954.706428578,-21131806.659193665
2021-09-15 22:09:00,-7228993.094787961,-14619891.849433327,-21155339.976488996
2021-09-15 22:09:30,-7149699.270221857,-14624970.573689565,-21178475.155788492
2021-09-15 22:10:00,-7070327.653826504,-14630191.14514012,-21201211.751705933
2021-09-15 22:10:30,-6990879.977082353,-14635553.820070714,-21223549.32620163
2021-09-15 22:11:00,-6911357.973668935,-14641058.845096452,-21245487.44859105
2021-09-15 22:11:30,-6831763.379399946,-14646706.457148636,-21267025.69555317
2021-09-15 22:12:00,-6752097.932158042,-14652496.883462096,-21288163.651138827
2021-09-15 22:12:30,-6672363.371829751,-14658430.34156287,-21308900.906778898
2021-09-15 22:13:00,-6592561.440240153,-14664507.03925631,-21329237.06129237
2021-09-15 22:13:30,-6512693.881087582,-14670727.174615642,-21349171.720894266
2021-09-15 22:14:00,-6432762.439878125,-14677090.935970895,-21368704.49920349
2021-09-15 22:14:30,-6352768.863860196,-14683598.50189829,-21387835.017250553
2021-09-15 22:15:00,-6272714.90195894,-14690250.041210026,-21406562.9034851
2021-09-15 22:15:30,-6192602.304710621,-14697045.712944489,-21424887.79378343
2021-09-15 22:16:00,-6112432.824196751,-14703985.66635693,-21442809.33145582
2021-09-15 22:16:30,-6032208.213978569,-14711070.04091043,-21460327.16725376
2021-09-15 22:17:00,-5951930.229030993,-14718298.966267468,-21477440.959377017
2021-09-15 22:17:30,-5871600.625676831,-14725672.562281774,-21494150.373480666
2021-09-15 22:18:00,-5791221.161520744,-14733190.938990649,-21510455.082681924
2021-09-15 22:18:30,-5710793.595383311,-14740854.196607728,-21526354.76756688
2021-09-15 22:19:00,-5630319.687234907,-14748662.425516149,-21541849.116197128
2021-09-15 22:19:30,-5549801.198129648,-14756615.706262104,-21556937.82411624
2021-09-15 22:20:00,-5469239.890139102,-14764714.109548928,-21571620.59435618
2021-09-15 22:20:30,-5388637.526286252,-14772957.69623146,-21585897.13744349
2021-09-15 22:21:00,-5307995.87047912,-14781346.517310956,-21599767.171405476
2021-09-15 22:21:30,-5227316.687444535,-14789880.613930369,-21613230.421776164
2021-09-15 22:22:00,-5146601.742661787,-14798560.017370047,-21626286.621602226
2021-09-15 22:22:30,-5065852.802296298,-14807384.7490439,-21638935.5114487
2021-09-15 22:23:00,-4985071.633133195,-14816354.820495928,-21651176.83940465
2021-09-15 22:23:30,-4904260.002510925,-14825470.23339724,-21663010.361088667
2021-09-15 22:24:00,-4823419.678254741,-14834730.979543494,-21674435.839654267
2021-09-15 22:24:30,-4742552.428610321,-14844137.04085267,-21685453.045795143
2021-09-15 22:25:00,-4661660.022177248,-14853688.389363399,-21696061.757750317
2021-09-15 22:25:30,-4580744.227842518,-14863384.987233646,-21706261.761309158
2021-09-15 22:26:00,-4499806.814713946,-14873226.786739813,-21716052.84981627
2021-09-15 22:26:30,-4418849.552053698,-14883213.73027633,-21725434.824176274
2021-09-15 22:27:00,-4337874.209211717,-14893345.750355583,-21734407.49285842
2021-09-15 22:27:30,-4256882.555559228,-14903622.769608356,-21742970.67190115
2021-09-15 22:28:00,-4175876.360422063,-14914044.700784646,-21751124.1849165
2021-09-15 22:28:30,-4094857.393014229,-14924611.446754929,-21758867.86309431
2021-09-15 22:29:00,-4013827.422371203,-14935322.900511852,-21766201.545206435
2021-09-15 22:29:30,-3932788.217283588,-14946178.945172302,-21773125.07761073
2021-09-15 22:30:00,-3851741.5462302947,-14957179.453980025,-21779638.31425498
2021-09-15 22:30:30,-3770689.1773122046,-14968324.290308528,-21785741.116680633
2021-09-15 22:31:00,-3689632.878185559,-14979613.307664495,-21791433.354026474
2021-09-15 22:31:30,-3608574.4159954363,-14991046.349691637,-21796714.90303215
2021-09-15 22:32:00,-3527515.557309282,-15002623.250174893,-21801585.64804154
2021-09-15 22:32:30,-3446458.0680503454,-15014343.833045144,-21806045.481006045
2021-09-15 22:33:00,-3365403.713431352,-15026207.912384292,-21810094.301487718
2021-09-15 22:33:30,-3284354.2578879427,-15038215.292430839,-21813732.01666232
2021-09-15 22:34:00,-3203311.4650122924,-15050365.767585782,-21816958.541322134
2021-09-15 22:34:30,-3122277.0974867805,-15062659.122419035,-21819773.797878828
2021-09-15 22:35:00,-3041252.9170176163,-15075095.131676227,-21822177.71636601
2021-09-15 22:35:30,-2960240.68426845,-15087673.560285976,-21824170.23444179
2021-09-15 22:36:00,-2879242.1587942173,-15100394.163367486,-21825751.29739117
2021-09-15 22:36:30,-2798259.09897482,-15113256.686238687,-21826920.85812822
2021-09-15 22:37:00,-2717293.261948935,-15126260.864424767,-21827678.877198346
2021-09-15 22:37:30,-2636346.403547953,-15139406.423667034,-21828025.322780192
2021-09-15 22:38:00,-2555420.278229712,-15152693.079932384,-21827960.170687553
2021-09-15 22:38:30,-2474516.6390126287,-15166120.539423022,-21827483.40437111
2021-09-15 22:39:00,-2393637.237409607,-15179688.498586698,-21826595.01492007
2021-09-15 22:39:30,-2312783.823362061,-15193396.644127354,-21825295.00106369
2021-09-15 22:40:00,-2231958.1451741713,-15207244.653016191,-21823583.36917256
2021-09-15 22:40:30,-2151161.9494468654,-15221232.192503162,-21821460.133259915
2021-09-15 22:41:00,-2070396.981012255,-15235358.920128856,-21818925.31498274
2021-09-15 22:41:30,-1989664.9828678633,-15249624.483736876,-21815978.94364273
2021-09-15 22:42:00,-1908967.6961109703,-15264028.521486552,-21812621.056187153
2021-09-15 22:42:30,-1828306.85987311,-15278570.661866168,-21808851.69720959
2021-09-15 22:43:00,-1747684.2112545655,-15293250.523706544,-21804670.918950513
2021-09-15 22:43:30,-1667101.485259056,-15308067.716195049,-21800078.781297784
2021-09-15 22:44:00,-1586560.4147283405,-15323021.838890048,-21795075.351786986
2021-09-15 22:44:30,-1506062.730276927,-15338112.481735788,-21789660.705601607
2021-09-15 22:45:00,-1425610.1602271013,-15353339.225077676,-21783834.925573174
2021-09-15 22:45:30,-1345204.4305436981,-15368701.639677979,-21777598.102181185
2021-09-15 22:46:00,-1264847.2647692224,-15384199.286731932,-21770950.333552923
2021-09-15 22:46:30,-1184540.3839589236,-15399831.717884328,-21763891.725463185
2021-09-15 22:47:00,-1104285.5066160606,-15415598.475246428,-21756422.391333822
2021-09-15 22:47:30,-1024084.3486271612,-15431499.091413368,-21748542.45223319
2021-09-15 22:48:00,-943938.6231975281,-15447533.089481937,-21740252.036875464
2021-09-15 22:48:30,-863850.0407866044,-15463699.983068816,-21731551.281619802
2021-09-15 22:49:00,-783820.309043753,-15479999.276329177,-21722440.33046942
2021-09-15 22:49:30,-703851.1327439817,-15496430.463975728,-21712919.335070487
2021-09-15 22:50:00,-623944.2137236632,-15512993.031298181,-21702988.454710953
2021-09-15 22:50:30,-544101.2508165915,-15529686.454183124,-21692647.856319144
2021-09-15 22:51:00,-464323.9397900738,-15546510.199134283,-21681897.714462366
2021-09-15 22:51:30,-384613.9732810748,-15563463.723293236,-21670738.211345267
2021-09-15 22:52:00,-304973.0407325872,-15580546.474460507,-21659169.536808114
2021-09-15 22:52:30,-225402.82832999201,-15597757.891117088,-21647191.888324924
2021-09-15 22:53:00,-145905.01893769857,-15615097.402446374,-21634805.471001495
2021-09-15 22:53:30,-66481.29203583952,-15632564.428356495,-21622010.49757327
2021-09-15 22:54:00,12866.676342929248,-15650158.379503036,-21608807.18840308
2021-09-15 22:54:30,92137.21367644845,-15667878.657312224,-21595195.771478783
2021-09-15 22:55:00,171328.65101597318,-15685724.654004492,-21581176.482410744
2021-09-15 22:55:30,250439.32304885285,-15703695.752618387,-21566749.56442917
2021-09-15 22:56:00,329467.5681612822,-15721791.327035012,-21551915.268381357
2021-09-15 22:56:30,408411.72850064235,-15740010.742002757,-21536673.852728784
2021-09-15 22:57:00,487270.1500379015,-15758353.353162492,-21521025.583544068
2021-09-15 22:57:30,566041.1826297725,-15776818.507073142,-21504970.734507803
2021-09-15 22:58:00,644723.1800806746,-15795405.541237669,-21488509.586905256
2021-09-15 22:58:30,723314.5002046861,-15814113.784129463,-21471642.429622933
2021-09-15 22:59:00,801813.5048872684,-15832942.555219125,-21454369.55914502
2021-09-15 22:59:30,880218.5601466452,-15851891.165001629,-21436691.279549718
2021-09-15 23:00:00,8769902.413097084,-13262746.662945906,-21418474.290253818
2021-09-15 23:00:30,8847222.810162272,-13240235.471950833,-21399983.17214218
2021-09-15 23:01:00,8924516.50979179,-13217875.648268888,-21381087.604877904
2021-09-15 23:01:30,9001781.749234535,-13195667.372772992,-21361787.92293427
2021-09-15 23:02:00,9079016.765163824,-13173610.81646683,-21342084.46835816
2021-09-15 23:02:30,9156219.793744463,-13151706.140480211,-21321977.5907656
2021-09-15 23:03:00,9233389.070700131,-13129953.496064758,-21301467.647337135
2021-09-15 23:03:30,9310522.831380505,-13108353.024590122,-21280555.00281307
2021-09-15 23:04:00,9387619.310828693,-13086904.857540553,-21259240.029488597
2021-09-15 23:04:30,9464676.743848575,-13065609.116511904,-21237523.10720878
2021-09-15 23:05:00,9541693.365072131,-13044465.913209131,-21215404.623363413
2021-09-15 23:05:30,9618667.409026897,-13023475.349444125,-21192884.972881727
2021-09-15 23:06:00,9695597.11020341,-13002637.51713407,-21169964.55822701
2021-09-15 23:06:30,9772480.703122655,-12981952.498300137,-21146643.78939102
2021-09-15 23:07:00,9849316.422403514,-12961420.365066694,-21122923.08388835
2021-09-15 23:07:30,9926102.50283035,-12941041.179660877,-21098802.866750605
2021-09-15 23:08:00,10002837.179420402,-12920814.994412662,-21074283.570520457
2021-09-15 23:08:30,10079518.687491432,-12900741.851755269,-21049365.63524557
2021-09-15 23:09:00,10156145.262729181,-12880821.784226093,-21024049.508472405
2021-09-15 23:09:30,10232715.141254937,-12861054.81446804,-20998335.645239893
2021-09-15 23:10:00,10309226.559693122,-12841440.955231216,-20972224.508072913
2021-09-15 23:10:30,10385677.755238747,-12821980.209375173,-20945716.566975743
2021-09-15 23:11:00,10462066.96572498,-12802672.569871524,-20918812.29942531
2021-09-15 23:11:30,10538392.42969082,-12783518.019806925,-20891512.19036431
2021-09-15 23:12:00,10614652.38644846,-12764516.532386603,-20863816.732194178
2021-09-15 23:12:30,10690845.076150842,-12745668.07093829,-20835726.424768046
2021-09-15 23:13:00,10766968.739859264,-12726972.588916458,-20807241.775383353
2021-09-15 23:13:30,10843021.61961085,-12708430.029907174,-20778363.29877453
2021-09-15 23:14:00,10919001.958485914,-12690040.327633282,-20749091.51710543
2021-09-15 23:14:30,10994908.000675563,-12671803.405959995,-20719426.959961653
2021-09-15 23:15:00,11070737.991549019,-12653719.178901028,-20689370.164342813
2021-09-15 23:15:30,11146490.177721143,-12635787.550624978,-20658921.67465448
2021-09-15 23:16:00,11222162.807119729,-12618008.415462337,-20628082.04270024
2021-09-15 23:16:30,11297754.129052818,-12600381.657912824,-20596851.827673417
2021-09-15 23:17:00,11373262.394276107,-12582907.152653122,-20565231.59614877
2021-09-15 23:17:30,11448685.855060231,-12565584.764545105,-20533221.922074
2021-09-15 23:18:00,11524022.765257847,-12548414.348644529,-20500823.386761207
2021-09-15 23:18:30,11599271.38037099,-12531395.750210024,-20468036.578878094
2021-09-15 23:19:00,11674429.957618196,-12514528.804712597,-20434862.0944391
2021-09-15 23:19:30,11749496.756001491,-12497813.33784563,-20401300.53679649
2021-09-15 23:20:00,11824470.036373552,-12481249.165535163,-20367352.516631108
2021-09-15 23:20:30,11899348.061504666,-12464836.093950681,-20333018.651943177
2021-09-15 23:21:00,11974129.096149677,-12448573.919516364,-20298299.568042893
2021-09-15 23:21:30,12048811.407114834,-12432462.42892269,-20263195.897540875
2021-09-15 23:22:00,12123393.26332456,-12416501.399138533,-20227708.28033853
2021-09-15 23:22:30,12197872.935888395,-12400690.597423587,-20191837.363618195
2021-09-15 23:23:00,12272248.698167518,-12385029.781341344,-20155583.80183326
2021-09-15 23:23:30,12346518.825841311,-12369518.698772442,-20118948.25669812
2021-09-15 23:24:00,12420681.596974052,-12354157.087928414,-20081931.397177894
2021-09-15 23:24:30,12494735.292081358,-12338944.677365838,-20044533.89947814
2021-09-15 23:25:00,12568678.194196427,-12323881.186001055,-20006756.44703443
2021-09-15 23:25:30,12642508.588936567,-12308966.323125118,-19968599.730501674
2021-09-15 23:26:00,12716224.764569152,-12294199.788419342,-19930064.447743457
2021-09-15 23:26:30,12789825.012078036,-12279581.27197111,-19891151.303821106
2021-09-15 23:27:00,12863307.625229368,-12265110.454290254,-19851861.010982744
2021-09-15 23:27:30,12936670.900637647,-12250787.006325789,-19812194.288652185
2021-09-15 23:28:00,13009913.137831619,-12236610.589483023,-19772151.86341757
2021-09-15 23:28:30,13083032.639319986,-12222580.855641149,-19731734.469020035
2021-09-15 23:29:00,13156027.710656984,-12208697.44717132,-19690942.846342213
2021-09-15 23:29:30,13228896.660508096,-12194959.996954959,-19649777.74339651
2021-09-15 23:30:00,13301637.800715469,-12181368.128402648,-19608239.915313303
2021-09-15 23:30:30,13374249.44636312,-12167921.455473432,-19566330.124329075
2021-09-15 23:31:00,13446729.915842334,-12154619.582694408,-19524049.139774296
2021-09-15 23:31:30,13519077.530916708,-12141462.105180867,-19481397.738061246
2021-09-15 23:32:00,13591290.616787134,-12128448.608656825,-19438376.702671696
2021-09-15 23:32:30,13663367.502156729,-12115578.669475894,-19394986.82414441
2021-09-15 23:33:00,13735306.519295502,-12102851.854642678,-19351228.90006262
2021-09-15 23:33:30,13807106.00410515,-12090267.7218345,-19307103.735041227
2021-09-15 23:34:00,13878764.296183394,-12077825.819423553,-19262612.140713982
2021-09-15 23:34:30,13950279.738888407,-12065525.686499568,-19217754.935720503
2021-09-15 23:35:00,14021650.67940316,-12053366.852892682,-19172532.945693094
2021-09-15 23:35:30,14092875.468799395,-12041348.839196961,-19126947.003243554
2021-09-15 23:36:00,14163952.462101644,-12029471.156794144,-19080997.94794974
2021-09-15 23:36:30,14234880.01835108,-12017733.307877915,-19034686.626342088
2021-09-15 23:37:00,14305656.500669155,-12006134.78547851,-18988013.89188992
2021-09-15 23:37:30,14376280.276321141,-11994675.073487792,-18940980.60498769
2021-09-15 23:38:00,14446749.716779629,-11983353.64668465,-18893587.632941004
2021-09-15 23:38:30,14517063.197787538,-11972169.97076094,-18845835.849952675
2021-09-15 23:39:00,14587219.099421468,-11961123.502347643,-18797726.137108438
2021-09-15 23:39:30,14657215.8061544,-11950213.689041644,-18749259.382362675
2021-09-15 23:40:00,14727051.706918597,-11939439.96943271,-18700436.480523992
2021-09-15 23:40:30,14796725.195168125,-11928801.77313104,-18651258.333240613
2021-09-15 23:41:00,14866234.668941401,-11918298.520795036,-18601725.848985642
2021-09-15 23:41:30,14935578.530923305,-11907929.62415972,-18551839.943042297
2021-09-15 23:42:00,15004755.18850743,-11897694.486065278,-18501601.537488855
2021-09-15 23:42:30,15073763.053857895,-11887592.500486229,-18451011.561183624
2021-09-15 23:43:00,15142600.543971235,-11877623.052560795,-18400070.949749604
2021-09-15 23:43:30,15211266.080737779,-11867785.518620878,-18348780.645559233
2021-09-15 23:44:00,15279758.09100318,-11858079.266222265,-18297141.597718846
2021-09-15 23:44:30,15348075.006629622,-11848503.654175268,-18245154.762053005
2021-09-15 23:45:00,15416215.26455682,-11839058.032575786,-18192821.10108876
2021-09-15 23:45:30,15484177.306862826,-11829741.742836757,-18140141.58403978
2021-09-15 23:46:00,15551959.580824675,-11820554.117719993,-18087117.186790336
2021-09-15 23:46:30,15619560.538978862,-11811494.48136838,-18033748.891879108
2021-09-15 23:47:00,15686978.639181633,-11802562.149338467,-17980037.6884829
2021-09-15 23:47:30,15754212.344668953,-11793756.428633507,-17925984.572400264
2021-09-15 23:48:00,15821260.124116376,-11785076.617736816,-17871590.54603495
2021-09-15 23:48:30,15888120.451698747,-11776522.006645532,-17816856.6183792
2021-09-15 23:49:00,15954791.807149619,-11768091.876904745,-17761783.804996952
2021-09-15 23:49:30,16021272.675820412,-11759785.501642078,-17706373.128006943
2021-09-15 23:50:00,16087561.548739566,-11751602.145602545,-17650625.61606558
2021-09-15 23:50:30,16153656.922671225,-11743541.065183854,-17594542.304349806
2021-09-15 23:51:00,16219557.300173962,-11735601.50847207,-17538124.23453971
2021-09-15 23:51:30,16285261.189658917,-11727782.715277717,-17481372.454801187
2021-09-15 23:52:00,16350767.105448235,-11720083.91717206,-17424288.01976819
2021-09-15 23:52:30,16416073.567832768,-11712504.337524047,-17366871.990525164
2021-09-15 23:53:00,16481179.103129866,-11705043.191537373,-17309125.43458914
2021-09-15 23:53:30,16546082.243740834,-11697699.686288057,-17251049.42589177
2021-09-15 23:54:00,16610781.528208185,-11690473.020762313,-17192645.044761207
2021-09-15 23:54:30,16675275.50127253,-11683362.38589488,-17133913.377903946
2021-09-15 23:55:00,16739562.713929513,-11676366.964607587,-17074855.518386394
2021-09-15 23:55:30,16803641.723486207,-11669485.931848427,-17015472.56561644
2021-09-15 23:56:00,16867511.093617436,-11662718.454630854,-16955765.625324782
2021-09-15 23:56:30,16931169.394421842,-11656063.692073565,-16895735.809546266
2021-09-15 23:57:00,16994615.2024776,-11649520.795440573,-16835384.236600973
2021-09-15 23:57:30,17057847.100898053,-11643088.908181645,-16774712.031075187
2021-09-15 23:58:00,17120863.679386955,-11636767.165973099,-16713720.323802339
2021-09-15 23:58:30,17183663.5342935,-11630554.696759008,-16652410.251843743
2021-09-15 23:59:00,17246245.268667094,-11624450.62079267,-16590782.958469206
2021-09-15 23:59:30,17308607.49231194,-11618454.05067848,-16528839.593137484
2021-09-16 00:00:00,17370748.821841244,-11612564.09141417,-16466581.311476722
2021-09-16 00:00:30,17432667.880731188,-11606779.840433374,-16404009.275264682
2021-09-16 00:01:00,17494363.299374714,-11601100.387648521,-16341124.652408827
2021-09-16 00:01:30,17555833.715134975,-11595524.815494115,-16277928.616926325
2021-09-16 00:02:00,17617077.77239857,-11590052.198970303,-16214422.348923905
2021-09-16 00:02:30,17678094.122628316,-11584681.605686894,-16150607.03457763
2021-09-16 00:03:00,17738881.42441603,-11579412.09590758,-16086483.866112499
2021-09-16 00:03:30,17799438.343534894,-11574242.722594596,-16022054.041781887
2021-09-16 00:04:00,17859763.552991454,-11569172.531453665,-15957318.765846983
2021-09-16 00:04:30,17919855.733077504,-11564200.5609793,-15892279.248555945
2021-09-16 00:05:00,17979713.57142154,-11559325.84250046,-15826936.706123106
2021-09-16 00:05:30,18039335.7630401,-11554547.400226466,-15761292.360707857
2021-09-16 00:06:00,18098721.010388516,-11549864.251293376,-15695347.44039364
2021-09-16 00:06:30,18157868.02341179,-11545275.405810509,-15629103.179166557
2021-09-16 00:07:00,18216775.51959479,-11540779.866907476,-15562560.8168941
2021-09-16 00:07:30,18275442.224012405,-11536376.630781384,-15495721.599303514
2021-09-16 00:08:00,18333866.869379245,-11532064.686744504,-15428586.777960325
2021-09-16 00:08:30,18392048.19609914,-11527843.017272135,-15361157.610246481
2021-09-16 00:09:00,18449984.952314317,-11523710.598050848,-15293435.359338468
2021-09-16 00:09:30,18507675.893954214,-11519666.398027044,-15225421.29418538
2021-09-16 00:10:00,18565119.78478407,-11515709.379455835,-15157116.689486751
2021-09-16 00:10:30,18622315.396453165,-11511838.497950174,-15088522.825670304
2021-09-16 00:11:00,18679261.508542713,-11508052.702530403,-15019640.988869602
2021-09-16 00:11:30,18735956.90861346,-11504350.93567405,-14950472.470901627
2021-09-16 00:12:00,18792400.392253093,-11500732.13336588,-14881018.569244035
2021-09-16 00:12:30,18848590.763123114,-11497195.225148344,-14811280.587012533
2021-09-16 00:13:00,18904526.833005603,-11493739.134172289,-14741259.83293796
2021-09-16 00:13:30,18960207.4218494,-11490362.777247982,-14670957.621343413
2021-09-16 00:14:00,19015631.3578163,-11487065.06489641,-14600375.272121064
2021-09-16 00:14:30,19070797.47732667,-11483844.901400864,-14529514.110708946
2021-09-16 00:15:00,19125704.625104763,-11480701.184858903,-14458375.468067711
2021-09-16 00:15:30,19180351.654223844,-11477632.807234515,-14386960.680657096
2021-09-16 00:16:00,19234737.426150836,-11474638.654410576,-14315271.090412373
2021-09-16 00:16:30,19288860.810790673,-11471717.6062417,-14243308.044720704
2021-09-16 00:17:00,19342720.686530374,-11468868.536607219,-14171072.896397265
2021-09-16 00:17:30,19396315.94028269,-11466090.313464604,-14098567.003661403
2021-09-16 00:18:00,19449645.46752952,-11463381.798903003,-14025791.730112478
2021-09-16 00:18:30,19502708.172364876,-11460741.849197237,-13952748.444705825
2021-09-16 00:19:00,19555502.967537504,-11458169.314861922,-13879438.521728396
2021-09-16 00:19:30,19608028.774493285,-11455663.040705979,-13805863.340774424
2021-09-16 00:20:00,19660284.52341718,-11453221.8658873,-13732024.28672083
2021-09-16 00:20:30,19712269.15327482,-11450844.62396779,-13657922.749702653
2021-09-16 00:21:00,19763981.611853823,-11448530.14296866,-13583560.125088317
2021-09-16 00:21:30,19815420.855804633,-11446277.245425913,-13508937.813454725
2021-09-16 00:22:00,19866585.8506812,-11444084.748446172,-13434057.220562305
2021-09-16 00:22:30,19917475.570981037,-11441951.46376273,-13358919.757329922
2021-09-16 00:23:00,19968089.000185154,-11439876.197791908,-13283526.839809686
2021-09-16 00:23:30,20018425.13079753,-11437857.751689555,-13207879.889161574
2021-09-16 00:24:00,20068482.96438422,-11435894.921407968,-13131980.331628062
2021-09-16 00:24:30,20118261.51161206,-11433986.49775292,-13055829.598508548
2021-09-16 00:25:00,20167759.79228714,-11432131.26644102,-12979429.126133693
2021-09-16 00:25:30,20216976.83539276,-11430328.008157266,-12902780.355839621
2021-09-16 00:26:00,20265911.67912706,-11428575.498612905,-12825884.733942065
2021-09-16 00:26:30,20314563.37094035,-11426872.508603485,-12748743.711710364
2021-09-16 00:27:00,20362930.967571978,-11425217.804067172,-12671358.745341333
2021-09-16 00:27:30,20411013.535086874,-11423610.146143273,-12593731.295933014
2021-09-16 00:28:00,20458810.14891163,-11422048.291231066,-12515862.829458432
2021-09-16 00:28:30,20506319.89387032,-11420530.991048792,-12437754.816739088
2021-09-16 00:29:00,20553541.86421994,-11419056.992692854,-12359408.733418318
2021-09-16 00:29:30,20600475.163685285,-11417625.03869738,-12280826.059934799
2021-09-16 00:30:00,20647118.90549367,-11416233.867093842,-12202008.281495625
2021-09-16 00:30:30,20693472.212409124,-11414882.211471057,-12122956.888049532
2021-09-16 00:31:00,20739534.21676621,-11413568.801035242,-12043673.374259798
2021-09-16 00:31:30,20785304.060503583,-11412292.360670445,-11964159.2394772
2021-09-16 00:32:00,20830780.895196903,-11411051.610999089,-11884415.987712806
2021-09-16 00:32:30,20875963.88209164,-11409845.268442767,-11804445.12761061
2021-09-16 00:33:00,20920852.19213531,-11408672.045283237,-11724248.17242013
2021-09-16 00:33:30,20965445.006009303,-11407530.649723664,-11643826.639968917
2021-09-16 00:34:00,21009741.514160488,-11406419.785949964,-11563182.0526348
2021-09-16 00:34:30,21053740.916832186,-11405338.154192513,-11482315.937318284
2021-09-16 00:35:00,21097442.42409496,-11404284.450787831,-11401229.8254145
2021-09-16 00:35:30,21140845.25587677,-11403257.368240768,-11319925.25278551
2021-09-16 00:36:00,21183948.64199304,-11402255.595286531,-11238403.75973196
2021-09-16 00:36:30,21226751.82217597,-11401277.816953223,-11156666.890965117
2021-09-16 00:37:00,21269254.04610372,-11400322.714624368,-11074716.195578506
2021-09-16 00:37:30,21311454.573429007,-11399388.966101676,-10992553.22701953
2021-09-16 00:38:00,21353352.673807397,-11398475.245668055,-10910179.543061038
2021-09-16 00:38:30,21394947.626925193,-11397580.224150693,-10827596.705772676
2021-09-16 00:39:00,21436238.722526785,-11396702.56898443,-10744806.281492243
2021-09-16 00:39:30,21477225.26044172,-11395840.944275234,-10661809.840796923
2021-09-16 00:40:00,21517906.55061134,-11394994.010863867,-10578608.95847434
2021-09-16 00:40:30,21558281.91311494,-11394160.426389707,-10495205.213493578
2021-09-16 00:41:00,21598350.67819556,-11393338.845354812,-10411600.188976128
2021-09-16 00:41:30,21638112.186285302,-11392527.919188049,-10327795.472166684
2021-09-16 00:42:00,21677565.78803036,-11391726.296309449,-10243792.654403811
2021-09-16 00:42:30,21716710.84431549,-11390932.622194678,-10159593.331090584
2021-09-16 00:43:00,21755546.726288073,-11390145.539439736,-10075199.101665111
2021-09-16 00:43:30,21794072.815381844,-11389363.68782574,-9990611.569570942
2021-09-16 00:44:00,21832288.503340147,-11388585.704383845,-9905832.342227312
2021-09-16 00:44:30,21870193.19223871,-11387810.223460447,-9820863.030999497
2021-09-16 00:45:00,21907786.294508077,-11387035.87678235,-9735705.251168812
2021-09-16 00:45:30,21945067.23295558,-11386261.293522198,-9650360.62190269
2021-09-16 00:46:00,21982035.440786913,-11385485.100364,-9564830.766224554
2021-09-16 00:46:30,22018690.36162715,-11384705.921568837,-9479117.310983773
2021-09-16 00:47:00,22055031.449541543,-11383922.379040625,-9393221.886825232
2021-09-16 00:47:30,22091058.16905566,-11383133.092392107,-9307146.128159136
2021-09-16 00:48:00,22126769.995175313,-11382336.679010859,-9220891.67313042
2021-09-16 00:48:30,22162166.413405836,-11381531.754125565,-9134460.163588317
2021-09-16 00:49:00,22197246.91977112,-11380716.93087226,-9047853.24505563
2021-09-16 00:49:30,22232011.02083207,-11379890.820360813,-8961072.566698048
2021-09-16 00:50:00,22266458.233704656,-11379052.031741515,-8874119.78129339
2021-09-16 00:50:30,22300588.086077623,-11378199.17227168,-8786996.545200547
2021-09-16 00:51:00,22334400.11622965,-11377330.847382452,-8699704.518328553
2021-09-16 00:51:30,22367893.873046074,-11376445.66074573,-8612245.364105519
2021-09-16 00:52:00,22401068.916035254,-11375542.214341152,-8524620.749447435
2021-09-16 00:52:30,22433924.815344397,-11374619.108523186,-8436832.344726872
2021-09-16 00:53:00,22466461.15177505,-11373674.94208832,-8348881.823741605
2021-09-16 00:53:30,22498677.516798038,-11372708.312342387,-8260770.863683206
2021-09-16 00:54:00,22530573.51256798,-11371717.815167978,-8172501.145105541
2021-09-16 00:54:30,22562148.751937468,-11370702.045091845,-8084074.351893002
2021-09-16 00:55:00,22593402.858470693,-11369659.595352557,-7995492.171228937
2021-09-16 00:55:30,22624335.46645651,-11368589.057968155,-7906756.293563867
2021-09-16 00:56:00,22654946.22092144,-11367489.023803812,-7817868.412583447
2021-09-16 00:56:30,22685234.777641777,-11366358.082639758,-7728830.225176653
2021-09-16 00:57:00,22715200.803155553,-11365194.82323907,-7639643.4314036155
2021-09-16 00:57:30,22744843.974773873,-11363997.833415765,-7550309.734463632
2021-09-16 00:58:00,22774163.980591927,-11362765.700102748,-7460830.840662808
2021-09-16 00:58:30,22803160.51949948,-11361497.009419926,-7371208.459381785
2021-09-16 00:59:00,22831833.301190943,-11360190.346742418,-7281444.30304341
2021-09-16 00:59:30,22860182.046174895,-11358844.296768801,-7191540.087080278
2021-09-16 01:00:00,22888206.485783372,-11357457.443589348,-7101497.529902095
2021-09-16 01:00:30,22915906.362180445,-11356028.370754402,-7011318.352863123
2021-09-16 01:01:00,22943281.428370487,-11354555.661342807,-6921004.280229499
2021-09-16 01:01:30,22970331.448205996,-11353037.898030326,-6830557.039146402
2021-09-16 01:02:00,22997056.196394905,-11351473.663158128,-6739978.359605188
2021-09-16 01:02:30,23023455.458507434,-11349861.538801376,-6649269.974410503
2021-09-16 01:03:00,23049529.03098253,-11348200.106837768,-6558433.619147226
2021-09-16 01:03:30,23075276.72113386,-11346487.949016167,-6467471.032147382
2021-09-16 01:04:00,23100698.34715528,-11344723.647025246,-6376383.9544569515
2021-09-16 01:04:30,23125793.73812584,-11342905.782562215,-6285174.129802712
2021-09-16 01:05:00,23150562.734014474,-11341032.937401462,-6193843.304558796
2021-09-16 01:05:30,23175005.185684063,-11339103.693463353,-6102393.227713393
2021-09-16 01:06:00,23199120.954895113,-11337116.63288297,-6010825.650835251
2021-09-16 01:06:30,23222909.914308984,-11335070.338078873,-5919142.328040116
2021-09-16 01:07:00,23246371.947490606,-11332963.39182197,-5827345.015957221
2021-09-16 01:07:30,23269506.94891086,-11330794.377304204,-5735435.473695437
2021-09-16 01:08:00,23292314.823948316,-11328561.87820745,-5643415.462809608
2021-09-16 01:08:30,23314795.488890633,-11326264.478772383,-5551286.747266829
2021-09-16 01:09:00,23336948.870935503,-11323900.763867196,-5459051.093412363
2021-09-16 01:09:30,23358774.908191092,-11321469.319056503,-5366710.269935782
2021-09-16 01:10:00,23380273.54967601,-11318968.730670162,-5274266.04783694
2021-09-16 01:10:30,23401444.755318828,-11316397.585872078,-5181720.200391858
2021-09-16 01:11:00,23422288.495957214,-11313754.472729031,-5089074.503118544
2021-09-16 01:11:30,23442804.753336456,-11311037.98027949,-4996330.7337428145
2021-09-16 01:12:00,23462993.52010768,-11308246.698602326,-4903490.67216387
2021-09-16 01:12:30,23482854.79982547,-11305379.218885737,-4810556.100420158
2021-09-16 01:13:00,23502388.60694513,-11302434.133495819,-4717528.802654701
2021-09-16 01:13:30,23521594.96681945,-11299410.036045412,-4624410.565080765
2021-09-16 01:14:00,23540473.915694945,-11296305.52146277,-4531203.175947274
2021-09-16 01:14:30,23559025.500707783,-11293119.1860602,-4437908.425504143
2021-09-16 01:15:00,23577249.779879067,-11289849.62760273,-4344528.105967677
2021-09-16 01:15:30,23595146.822109807,-11286495.445376687,-4251064.011485767
2021-09-16 01:16:00,23612716.707175363,-11283055.24025828,-4157517.9381031427
2021-09-16 01:16:30,23629959.525719393,-11279527.614782084,-4063891.683726471
2021-09-16 01:17:00,23646875.379247423,-11275911.173209563,-3970187.0480895094
2021-09-16 01:17:30,23663464.3801199,-11272204.521597434,-3876405.8327180496
2021-09-16 01:18:00,23679726.65154478,-11268406.267866077,-3782549.840894948
2021-09-16 01:18:30,23695662.327569705,-11264515.021867836,-3688620.877624981
2021-09-16 01:19:00,23711271.553073637,-11260529.395455297,-3594620.7495997828
2021-09-16 01:19:30,23726554.4837581,-11256448.002549462,-3500551.2651625816
2021-09-16 01:20:00,23741511.286137965,-11252269.459207898,-3406414.234272957
2021-09-16 01:20:30,23756142.13753172,-11247992.383692786,-3312211.468471531
2021-09-16 01:21:00,23770447.226051293,-11243615.396538941,-3217944.7808446405
2021-09-16 01:21:30,23784426.750591476,-11239137.120621722,-3123615.9859888805
2021-09-16 01:22:00,23798080.920818802,-11234556.181224875,-3029226.8999756733
2021-09-16 01:22:30,23811409.95716003,-11229871.20610831,-2934779.340315726
2021-09-16 01:23:00,23824414.090790145,-11225080.825575748,-2840275.1259234636
2021-09-16 01:23:30,23837093.563619863,-11220183.672542432,-2745716.0770815145
2021-09-16 01:24:00,23849448.628282767,-11215178.382602476,-2651104.0154048637
2021-09-16 01:24:30,23861479.548121907,-11210063.594096394,-2556440.7638052814
2021-09-16 01:25:00,23873186.59717594,-11204837.94817841,-2461728.1464555473
2021-09-16 01:25:30,23884570.06016491,-11199500.088883631,-2366967.988753577
2021-09-16 01:26:00,23895630.232475437,-11194048.663195245,-2272162.117286658
2021-09-16 01:26:30,23906367.42014555,-11188482.321111463,-2177312.3597954814
2021-09-16 01:27:00,23916781.939849008,-11182799.715712493,-2082420.5451382403
2021-09-16 01:27:30,23926874.118879214,-11176999.503227297,-1987488.5032546301
2021-09-16 01:28:00,23936644.295132622,-11171080.343100345,-1892518.0651298782
2021-09-16 01:28:30,23946092.817091733,-11165040.898058087,-1797511.0627585554
2021-09-16 01:29:00,23955220.043807607,-11158879.834175533,-1702469.3291086406
2021-09-16 01:29:30,23964026.344881948,-11152595.820942458,-1607394.6980851917
2021-09-16 01:30:00,23972512.100448728,-11146187.531329658,-1512289.0044942293
2021-09-16 01:30:30,23980677.701155335,-11139653.641855102,-1417154.084006618
2021-09-16 01:31:00,23988523.54814331,-11132992.832649734,-1321991.7731216024
2021-09-16 01:31:30,23996050.053028617,-11126203.787523385,-1226803.9091306375
2021-09-16 01:32:00,24003257.637881443,-11119285.194030413,-1131592.330081028
2021-09-16 01:32:30,24010146.735205613,-11112235.743535222,-1036358.8747394903
2021-09-16 01:33:00,24016717.787917443,-11105054.131277693,-941105.3825558571
2021-09-16 01:33:30,24022971.249324273,-11097739.056438362,-845833.6936265071
2021-09-16 01:34:00,24028907.583102483,-11090289.222203564,-750545.6486579798
2021-09-16 01:34:30,24034527.263275046,-11082703.33583037,-655243.088930461
2021-09-16 01:35:00,24039830.77418872,-11074980.108711317,-559927.8562611602
2021-09-16 01:35:30,24044818.6104907,-11067118.256439073,-464601.792967806
2021-09-16 01:36:00,24049491.277104896,-11059116.498870915,-369266.741832051
2021-09-16 01:36:30,24053849.289207723,-11050973.560192993,-273924.5460628259
2021-09-16 01:37:00,24057893.172203496,-11042688.168984435,-178577.04925959936
2021-09-16 01:37:30,24061623.46169933,-11034259.05828138,-83226.09537584527
2021-09-16 01:38:00,24065040.70347966,-11025684.96564071,12126.471317802934
2021-09-16 01:38:30,24068145.453480255,-11016964.633203654,107478.80627024006
2021-09-16 01:39:00,24070938.2777619,-11008096.807759227,202829.06468668394
2021-09-16 01:39:30,24073419.752483476,-10999080.240807507,298175.40156539186
2021-09-16 01:40:00,24075590.46387481,-10989913.68862266,393515.9717345574
2021-09-16 01:40:30,24077451.008208897,-10980595.912315793,488848.92988914176
2021-09-16 01:41:00,24079001.991773855,-10971125.677897658,584172.4306277196
2021-09-16 01:41:30,24080244.0308443,-10961501.756341169,679484.628489302
2021-09-16 01:42:00,24081177.751652393,-10951722.923643652,774783.6779902922
2021-09-16 01:42:30,24081803.79035844,-10941787.960888907,870067.7336614621
2021-09-16 01:43:00,24082122.793021005,-10931695.654309163,965334.9500847632
2021-09-16 01:43:30,24082135.41556671,-10921444.795346677,1060583.4819304158
2021-09-16 01:44:00,24081842.323759478,-10911034.180715278,1155811.483993782
2021-09-16 01:44:30,24081244.193169415,-10900462.612461576,1251017.1112323902
2021-09-16 01:45:00,24080341.7091413,-10889728.898026042,1346198.5188029443
2021-09-16 01:45:30,24079135.566762593,-10878831.850303786,1441353.862098354
2021-09-16 01:46:00,24077626.470831063,-10867770.287705202,1536481.296784766
2021-09-16 01:46:30,24075815.13582199,-10856543.034216344,1631578.9788385753
2021-09-16 01:47:00,24073702.2858549,-10845148.919459017,1726645.064583596
2021-09-16 01:47:30,24071288.654659968,-10833586.778750865,1821677.710727911
2021-09-16 01:48:00,24068574.98554393,-10821855.453164876,1916675.0744011928
2021-09-16 01:48:30,24065562.031355627,-10809953.789588973,2011635.3131916425
2021-09-16 01:49:00,24062250.554451138,-10797880.640785163,2106556.5851831674
2021-09-16 01:49:30,24058641.326658446,-10785634.865448583,2201437.0489924187
2021-09-16 01:50:00,24054735.12924179,-10773215.32826616,2296274.8638059967
2021-09-16 01:50:30,24050532.75286548,-10760620.899975227,2391068.189417413
2021-09-16 01:51:00,24046034.997557428,-10747850.457421634,2485815.186264395
2021-09-16 01:51:30,24041242.672672227,-10734902.88361781,2580514.0154659273
2021-09-16 01:52:00,24036156.596853808,-10721777.067800533,2675162.838859346
2021-09-16 01:52:30,24030777.597997695,-10708471.905488338,2769759.819037557
2021-09-16 01:53:00,24025106.513212893,-10694986.29853881,2864303.1193861
2021-09-16 01:53:30,24019144.18878338,-10681319.155205525,2958790.9041203144
2021-09-16 01:54:00,24012891.480129134,-10667469.390194694,3053221.3383225244
2021-09-16 01:54:30,24006349.25176683,-10653435.92472171,3147592.587979043
2021-09-16 01:55:00,23999518.37727015,-10639217.686567172,3241902.8200174826
2021-09-16 01:55:30,23992399.73922962,-10624813.610132877,3336150.202343735
2021-09-16 01:56:00,23984994.22921219,-10610222.63649737,3430332.9038791917
2021-09-16 01:56:30,23977302.74772024,-10595443.713471366,3524449.094597744
2021-09-16 01:57:00,23969326.204150412,-10580475.795652637,3618496.945563118
2021-09-16 01:57:30,23961065.516751863,-10565317.844480928,3712474.628965797
2021-09-16 01:58:00,23952521.612584293,-10549968.828292396,3806380.318160191
2021-09-16 01:58:30,23943695.427475438,-10534427.722373828,3900212.187701674
2021-09-16 01:59:00,23934587.905978344,-10518693.509016443,3993968.413383843
2021-09-16 01:59:30,23925200.00132814,-10502765.177569622,4087647.1722754077
